PartitionKey,Scaled Sentiment Index
Ben Carson,31.28823095
Ben Carson,15.81169514
Ben Carson,19.20475038
Ben Carson,-60.35806043
Ben Carson,65.00523384
Ben Carson,43.16229021
Ben Carson,61.841811
Ben Carson,-80.55590722
Ben Carson,-36.44782315
Ben Carson,61.841811
Ben Carson,61.841811
Ben Carson,65.00523384
Ben Carson,61.841811
Ben Carson,-30.40255667
Ben Carson,-28.96464502
Ben Carson,61.841811
Ben Carson,11.71925012
Ben Carson,61.841811
Ben Carson,95.09877505
Ben Carson,26.94869459
Ben Carson,65.00523384
Ben Carson,61.841811
Ben Carson,10.00741368
Ben Carson,-115.3496023
Ben Carson,-50.39605643
Ben Carson,63.10917545
Ben Carson,65.00523384
Ben Carson,-50.39605643
Ben Carson,61.841811
Ben Carson,-37.26280316
Ben Carson,86.06295507
Ben Carson,61.841811
Ben Carson,26.94869459
Ben Carson,65.00523384
Ben Carson,13.08586393
Ben Carson,65.00523384
Ben Carson,-10.74421702
Ben Carson,-18.25302454
Ben Carson,23.7603304
Ben Carson,65.00523384
Ben Carson,61.841811
Ben Carson,65.00523384
Ben Carson,65.00523384
Ben Carson,61.841811
Ben Carson,-24.66458479
Ben Carson,65.00523384
Ben Carson,61.841811
Ben Carson,-24.3072355
Ben Carson,31.28823095
Ben Carson,65.00523384
Ben Carson,61.841811
Ben Carson,65.00523384
Ben Carson,0.697152872
Ben Carson,65.00523384
Ben Carson,-47.09648823
Ben Carson,-18.25302454
Ben Carson,65.00523384
Ben Carson,65.00523384
Ben Carson,13.08586393
Ben Carson,65.00523384
Ben Carson,61.841811
Ben Carson,-59.98746641
Ben Carson,61.841811
Ben Carson,61.841811
Ben Carson,86.13889717
Ben Carson,65.00523384
Ben Carson,5.883404957
Ben Carson,86.13889717
Ben Carson,8.635209569
Ben Carson,-59.98746641
Ben Carson,61.841811
Ben Carson,-18.25302454
Ben Carson,61.841811
Ben Carson,61.841811
Ben Carson,61.841811
Ben Carson,61.841811
Ben Carson,65.00523384
Ben Carson,-18.25302454
Ben Carson,-43.80767062
Ben Carson,86.06295507
Ben Carson,61.841811
Ben Carson,-9.777266801
Ben Carson,65.00523384
Ben Carson,95.09877505
Ben Carson,-67.05094188
Ben Carson,65.00523384
Ben Carson,61.841811
Ben Carson,65.00523384
Ben Carson,-153.3351017
Ben Carson,13.08586393
Ben Carson,13.08586393
Ben Carson,25.27237806
Ben Carson,25.27237806
Ben Carson,13.08586393
Ben Carson,61.841811
Ben Carson,-18.25302454
Ben Carson,-124.6688935
Ben Carson,61.841811
Ben Carson,-17.89816937
Ben Carson,61.841811
Ben Carson,-90.02415855
Ben Carson,95.09877505
Ben Carson,61.841811
Ben Carson,-37.26280316
Ben Carson,-83.57793842
Ben Carson,1.044009605
Ben Carson,65.00523384
Ben Carson,65.00523384
Ben Carson,-17.89816937
Ben Carson,26.02715482
Ben Carson,-41.9852322
Ben Carson,-0.69165013
Ben Carson,86.06295507
Ben Carson,-17.89816937
Ben Carson,-24.30714949
Ben Carson,88.48785603
Ben Carson,65.00523384
Ben Carson,4.503718447
Ben Carson,-153.3351017
Ben Carson,61.841811
Ben Carson,95.09877505
Ben Carson,86.13889717
Ben Carson,-83.57793842
Ben Carson,-36.0858296
Ben Carson,-66.21213858
Ben Carson,65.95094092
Ben Carson,65.00523384
Ben Carson,65.00523384
Ben Carson,61.841811
Ben Carson,95.09877505
Ben Carson,61.841811
Ben Carson,65.00523384
Ben Carson,-39.71195743
Ben Carson,-18.25302454
Ben Carson,65.00523384
Ben Carson,-32.20297791
Ben Carson,-39.71195743
Ben Carson,61.841811
Ben Carson,65.00523384
Ben Carson,65.00523384
Ben Carson,-20.02927846
Ben Carson,65.00523384
Ben Carson,61.841811
Ben Carson,61.841811
Ben Carson,86.13889717
Ben Carson,61.841811
Ben Carson,-39.71195743
Ben Carson,65.00523384
Ben Carson,-11.88825081
Ben Carson,-80.55599322
Ben Carson,6.916492749
Ben Carson,61.841811
Ben Carson,-59.98746641
Ben Carson,65.00523384
Ben Carson,65.00523384
Ben Carson,-39.71195743
Ben Carson,1.390608323
Ben Carson,18.86615009
Ben Carson,61.841811
Ben Carson,-11.88825081
Ben Carson,-39.71195743
Ben Carson,61.841811
Ben Carson,61.841811
Ben Carson,65.00523384
Ben Carson,-108.012116
Ben Carson,86.06295507
Ben Carson,16.1516715
Ben Carson,37.58144882
Ben Carson,7.260511328
Ben Carson,61.841811
Ben Carson,37.25170701
Ben Carson,-11.53606178
Ben Carson,65.00523384
Ben Carson,-47.09648823
Ben Carson,61.841811
Ben Carson,61.841811
Ben Carson,86.06295507
Ben Carson,65.00523384
Ben Carson,54.5017446
Ben Carson,-3.825143355
Ben Carson,65.00523384
Ben Carson,-20.74088089
Ben Carson,65.00523384
Ben Carson,-17.89816937
Ben Carson,-57.67385547
Ben Carson,-48.19511157
Ben Carson,46.4228983
Ben Carson,-18.25302454
Ben Carson,65.00523384
Ben Carson,-90.78469763
Ben Carson,65.00523384
Ben Carson,-153.3351017
Ben Carson,61.841811
Ben Carson,65.00523384
Ben Carson,8.635209569
Ben Carson,-8.285258225
Ben Carson,65.00523384
Ben Carson,61.841811
Ben Carson,86.06295507
Ben Carson,1.390608323
Ben Carson,65.00523384
Ben Carson,61.841811
Ben Carson,61.841811
Ben Carson,7.604443902
Ben Carson,65.00523384
Ben Carson,61.841811
Ben Carson,65.00523384
Ben Carson,65.00523384
Ben Carson,-50.76329626
Ben Carson,65.00523384
Ben Carson,-14.35787418
Ben Carson,-42.34937586
Ben Carson,19.20475038
Ben Carson,86.13889717
Ben Carson,-24.66458479
Ben Carson,95.09877505
Ben Carson,65.00523384
Ben Carson,61.841811
Ben Carson,65.00523384
Ben Carson,65.00523384
Ben Carson,95.09877505
Ben Carson,95.09877505
Ben Carson,-40.89340323
Ben Carson,19.20475038
Ben Carson,86.06295507
Ben Carson,-50.39605643
Ben Carson,-27.88769486
Ben Carson,-49.57015382
Ben Carson,-30.76240011
Ben Carson,-70.03857123
Ben Carson,49.01946453
Ben Carson,65.00523384
Ben Carson,-90.40438509
Ben Carson,79.02958123
Ben Carson,61.841811
Ben Carson,95.09877505
Ben Carson,8.635209569
Ben Carson,95.09877505
Ben Carson,19.20475038
Ben Carson,71.90487046
Ben Carson,-11.88825081
Ben Carson,61.841811
Ben Carson,-82.72726648
Ben Carson,61.841811
Ben Carson,-18.25302454
Ben Carson,61.841811
Ben Carson,95.09877505
Ben Carson,69.09226057
Ben Carson,30.95539298
Ben Carson,-16.39171202
Ben Carson,65.00523384
Ben Carson,65.00523384
Ben Carson,-15.06474635
Ben Carson,95.09877505
Ben Carson,-102.1496954
Ben Carson,8.635209569
Ben Carson,-10.12876778
Ben Carson,-115.3496023
Ben Carson,-5.22177278
Ben Carson,30.95539298
Ben Carson,13.51244697
Ben Carson,86.06295507
Ben Carson,65.00523384
Ben Carson,-132.8678023
Ben Carson,-12.94576392
Ben Carson,65.00523384
Ben Carson,61.841811
Ben Carson,77.17970733
Ben Carson,65.00523384
Ben Carson,65.00523384
Ben Carson,6.916492749
Ben Carson,65.00523384
Ben Carson,8.635209569
Ben Carson,65.00523384
Ben Carson,61.841811
Ben Carson,-84.33460729
Ben Carson,-50.39605643
Ben Carson,-6.970935244
Ben Carson,-148.1973562
Ben Carson,-2.779240871
Ben Carson,6.916492749
Ben Carson,-44.17258833
Ben Carson,8.635209569
Ben Carson,61.841811
Ben Carson,61.841811
Ben Carson,0.697152872
Ben Carson,65.00523384
Ben Carson,65.95094092
Ben Carson,8.635209569
Ben Carson,-11.88825081
Ben Carson,-59.98746641
Ben Carson,61.841811
Ben Carson,8.635209569
Ben Carson,-48.19511157
Ben Carson,-48.10351662
Ben Carson,-53.7062892
Ben Carson,65.00523384
Ben Carson,-19.31836407
Ben Carson,86.06295507
Ben Carson,8.635209569
Ben Carson,61.841811
Ben Carson,13.08586393
Ben Carson,-27.88778086
Ben Carson,42.83530055
Ben Carson,65.00523384
Ben Carson,-18.25302454
Ben Carson,-53.89042514
Ben Carson,52.250143
Ben Carson,-27.70837517
Ben Carson,65.00523384
Ben Carson,19.20475038
Ben Carson,63.42558654
Ben Carson,65.00523384
Ben Carson,46.4228983
Ben Carson,96.29174548
Ben Carson,95.09877505
Ben Carson,33.94517244
Ben Carson,61.841811
Ben Carson,65.00523384
Ben Carson,-79.80164648
Ben Carson,25.27237806
Ben Carson,88.48785603
Ben Carson,95.09877505
Ben Carson,-14.35787418
Ben Carson,65.00523384
Ben Carson,65.00523384
Ben Carson,-14.35787418
Ben Carson,-28.96464502
Ben Carson,65.00523384
Ben Carson,61.841811
Ben Carson,65.00523384
Ben Carson,39.88516923
Ben Carson,79.02958123
Ben Carson,8.635209569
Ben Carson,96.96146365
Ben Carson,65.00523384
Ben Carson,8.635209569
Ben Carson,65.00523384
Ben Carson,65.00523384
Ben Carson,61.841811
Ben Carson,8.635209569
Ben Carson,65.00523384
Ben Carson,-58.50620842
Ben Carson,95.09877505
Ben Carson,13.08594993
Ben Carson,61.841811
Ben Carson,95.09877505
Ben Carson,65.00523384
Ben Carson,61.841811
Ben Carson,65.00523384
Ben Carson,65.00523384
Ben Carson,61.841811
Ben Carson,95.09877505
Ben Carson,-30.76240011
Ben Carson,16.1516715
Ben Carson,-90.78469763
Ben Carson,16.1516715
Ben Carson,-18.25302454
Ben Carson,95.09877505
Ben Carson,61.841811
Ben Carson,-48.19511157
Ben Carson,86.13889717
Ben Carson,85.75901466
Ben Carson,-34.36814484
Ben Carson,65.00523384
Ben Carson,-19.67373526
Ben Carson,61.841811
Ben Carson,-19.67373526
Ben Carson,-19.67373526
Ben Carson,-11.88825081
Ben Carson,65.00523384
Ben Carson,-19.67373526
Ben Carson,-19.67373526
Ben Carson,-19.67373526
Ben Carson,-19.67373526
Ben Carson,-19.67373526
Ben Carson,-114.9624954
Ben Carson,65.00523384
Ben Carson,-46.73053847
Ben Carson,-47.46261001
Ben Carson,43.16229021
Ben Carson,95.09877505
Ben Carson,-57.02701453
Ben Carson,-20.74088089
Ben Carson,61.841811
Ben Carson,-50.39605643
Ben Carson,65.00523384
Ben Carson,14.79064799
Ben Carson,13.08586393
Ben Carson,-46.73053847
Ben Carson,65.00523384
Ben Carson,-11.88833681
Ben Carson,27.95254081
Ben Carson,-114.9624954
Ben Carson,-66.67811174
Ben Carson,61.841811
Ben Carson,65.00523384
Ben Carson,61.841811
Ben Carson,65.00523384
Ben Carson,39.88516923
Ben Carson,61.841811
Ben Carson,27.95254081
Ben Carson,-114.9624954
Ben Carson,-11.53606178
Ben Carson,-31.75248558
Ben Carson,65.00523384
Ben Carson,-47.46261001
Ben Carson,-18.25293853
Ben Carson,-21.45299935
Ben Carson,8.978540111
Ben Carson,-26.09570208
Ben Carson,108.6477748
Ben Carson,-117.6742218
Ben Carson,5.883404957
Ben Carson,95.09877505
Ben Carson,65.00523384
Ben Carson,-31.48243099
Ben Carson,65.00523384
Ben Carson,61.841811
Ben Carson,-30.7623141
Ben Carson,36.01367015
Ben Carson,61.841811
Ben Carson,61.841811
Ben Carson,38.89886796
Ben Carson,-115.3496023
Ben Carson,61.841811
Ben Carson,39.88516923
Ben Carson,61.841811
Ben Carson,61.841811
Ben Carson,61.841811
Ben Carson,-55.36531879
Ben Carson,61.841811
Ben Carson,65.00523384
Ben Carson,95.09877505
Ben Carson,-2.431008065
Ben Carson,-2.431008065
Ben Carson,-11.88825081
Ben Carson,51.04065968
Ben Carson,61.841811
Ben Carson,16.1516715
Ben Carson,-55.91893069
Ben Carson,61.841811
Ben Carson,-115.3496023
Ben Carson,-47.09648823
Ben Carson,61.841811
Ben Carson,-15.06474635
Ben Carson,65.00523384
Ben Carson,-83.95627285
Ben Carson,-18.25302454
Ben Carson,17.84940318
Ben Carson,-11.53614779
Ben Carson,-78.67102942
Ben Carson,95.09877505
Ben Carson,61.841811
Ben Carson,-12.24061183
Ben Carson,61.841811
Ben Carson,-40.52968959
Ben Carson,95.09877505
Ben Carson,61.841811
Bernie Sanders,39.88516923
Bernie Sanders,42.50822489
Bernie Sanders,-64.07131096
Bernie Sanders,51.60536618
Bernie Sanders,31.28823095
Bernie Sanders,19.54317866
Bernie Sanders,60.25373524
Bernie Sanders,44.79465837
Bernie Sanders,-17.89816937
Bernie Sanders,-162.0594128
Bernie Sanders,-2.082775258
Bernie Sanders,27.95254081
Bernie Sanders,19.20475038
Bernie Sanders,-51.86596181
Bernie Sanders,6.916492749
Bernie Sanders,-2.082775258
Bernie Sanders,37.25170701
Bernie Sanders,25.27237806
Bernie Sanders,7.260597333
Bernie Sanders,31.62089692
Bernie Sanders,31.62089692
Bernie Sanders,36.92179319
Bernie Sanders,-21.45291335
Bernie Sanders,-2.082775258
Bernie Sanders,13.08594993
Bernie Sanders,-97.64950236
Bernie Sanders,-19.94043567
Bernie Sanders,-31.12224354
Bernie Sanders,-10.48035477
Bernie Sanders,4.503718447
Bernie Sanders,-160.0733936
Bernie Sanders,77.17970733
Bernie Sanders,-10.12876778
Bernie Sanders,-83.95627285
Bernie Sanders,54.82271394
Bernie Sanders,6.916492749
Bernie Sanders,19.54317866
Bernie Sanders,-21.80923059
Bernie Sanders,-30.40255667
Bernie Sanders,17.84940318
Bernie Sanders,30.95539298
Bernie Sanders,-10.12876778
Bernie Sanders,-34.00692533
Bernie Sanders,25.60796819
Bernie Sanders,43.16229021
Bernie Sanders,7.260597333
Bernie Sanders,-8.723795908
Bernie Sanders,7.260511328
Bernie Sanders,77.17970733
Bernie Sanders,-25.73766475
Bernie Sanders,-1.647763765
Bernie Sanders,25.27237806
Bernie Sanders,13.08586393
Bernie Sanders,49.01946453
Bernie Sanders,25.27237806
Bernie Sanders,-46.63902953
Bernie Sanders,-1.995738558
Bernie Sanders,6.916492749
Bernie Sanders,36.92179319
Bernie Sanders,-64.35039603
Bernie Sanders,19.54317866
Bernie Sanders,27.95254081
Bernie Sanders,-29.32388642
Bernie Sanders,19.96597749
Bernie Sanders,10.00749968
Bernie Sanders,74.39332885
Bernie Sanders,80.25936165
Bernie Sanders,0.697238877
Bernie Sanders,-57.39657649
Bernie Sanders,19.20475038
Bernie Sanders,46.09754273
Bernie Sanders,-127.0072738
Bernie Sanders,77.17970733
Bernie Sanders,-39.07638311
Bernie Sanders,7.260511328
Bernie Sanders,106.9016225
Bernie Sanders,19.20475038
Bernie Sanders,57.38453429
Bernie Sanders,-67.05094188
Bernie Sanders,-20.74088089
Bernie Sanders,-5.571295656
Bernie Sanders,-33.64587783
Bernie Sanders,-10.12876778
Bernie Sanders,63.10917545
Bernie Sanders,-2.43092206
Bernie Sanders,31.28823095
Bernie Sanders,63.42558654
Bernie Sanders,-10.12876778
Bernie Sanders,77.17970733
Bernie Sanders,35.93110569
Bernie Sanders,-74.15913976
Bernie Sanders,30.95539298
Bernie Sanders,0.350210136
Bernie Sanders,60.25373524
Bernie Sanders,31.62089692
Bernie Sanders,25.27237806
Bernie Sanders,-18.25293853
Bernie Sanders,11.71925012
Bernie Sanders,31.28823095
Bernie Sanders,-57.39657649
Bernie Sanders,-7.671615085
Bernie Sanders,-11.88833681
Bernie Sanders,-30.40255667
Bernie Sanders,-21.45299935
Bernie Sanders,13.08586393
Bernie Sanders,25.27237806
Bernie Sanders,19.20475038
Bernie Sanders,0.697152872
Bernie Sanders,3.813015145
Bernie Sanders,19.20475038
Bernie Sanders,31.62089692
Bernie Sanders,6.916492749
Bernie Sanders,28.28684086
Bernie Sanders,7.260511328
Bernie Sanders,-28.96464502
Bernie Sanders,54.5017446
Bernie Sanders,-5.571295656
Bernie Sanders,3.813015145
Bernie Sanders,-63.69942688
Bernie Sanders,14.1944638
Bernie Sanders,-37.62522674
Bernie Sanders,60.25373524
Bernie Sanders,60.25373524
Bernie Sanders,79.02958123
Bernie Sanders,28.28684086
Bernie Sanders,14.79064799
Bernie Sanders,1.390694327
Bernie Sanders,-30.40255667
Bernie Sanders,93.60375631
Bernie Sanders,22.24501457
Bernie Sanders,65.95094092
Bernie Sanders,-21.09685412
Bernie Sanders,11.71925012
Bernie Sanders,-54.07464709
Bernie Sanders,-67.05094188
Bernie Sanders,25.60796819
Bernie Sanders,13.08586393
Bernie Sanders,-94.59410135
Bernie Sanders,31.28823095
Bernie Sanders,23.00305951
Bernie Sanders,13.08586393
Bernie Sanders,-50.76329626
Bernie Sanders,24.68470833
Bernie Sanders,-40.89340323
Bernie Sanders,-55.18083883
Bernie Sanders,0.697238877
Bernie Sanders,-34.00692533
Bernie Sanders,17.17074053
Bernie Sanders,7.260597333
Bernie Sanders,-35.45266341
Bernie Sanders,68.77894564
Bernie Sanders,7.260511328
Bernie Sanders,-2.082775258
Bernie Sanders,10.35014218
Bernie Sanders,49.01946453
Bernie Sanders,-33.64587783
Bernie Sanders,-30.76240011
Bernie Sanders,60.25373524
Bernie Sanders,-11.53614779
Bernie Sanders,17.84940318
Bernie Sanders,0.697238877
Bernie Sanders,-43.80767062
Bernie Sanders,-23.23578963
Bernie Sanders,-17.10030428
Bernie Sanders,54.82271394
Bernie Sanders,-2.43092206
Bernie Sanders,-47.09648823
Bernie Sanders,-25.73766475
Bernie Sanders,37.25170701
Bernie Sanders,7.260511328
Bernie Sanders,-58.50620842
Bernie Sanders,-18.25293853
Bernie Sanders,-27.52905549
Bernie Sanders,28.28684086
Bernie Sanders,28.28684086
Bernie Sanders,-24.66458479
Bernie Sanders,-82.44379517
Bernie Sanders,-55.18083883
Bernie Sanders,13.08586393
Bernie Sanders,10.00749968
Bernie Sanders,-67.42394402
Bernie Sanders,105.7340234
Bernie Sanders,49.01946453
Bernie Sanders,-5.22177278
Bernie Sanders,42.83530055
Bernie Sanders,3.813015145
Bernie Sanders,17.84940318
Bernie Sanders,60.25373524
Bernie Sanders,17.84940318
Bernie Sanders,-8.372896958
Bernie Sanders,-58.50620842
Bernie Sanders,0.697152872
Bernie Sanders,23.92846948
Bernie Sanders,14.4500696
Bernie Sanders,7.260511328
Bernie Sanders,31.62089692
Bernie Sanders,0.697152872
Bernie Sanders,105.7340234
Bernie Sanders,74.39332885
Bernie Sanders,74.39332885
Bernie Sanders,-43.80767062
Bernie Sanders,-62.95600273
Bernie Sanders,-2.43092206
Bernie Sanders,70.34405817
Bernie Sanders,-12.24061183
Bernie Sanders,3.813015145
Bernie Sanders,-5.571295656
Bernie Sanders,-6.620810336
Bernie Sanders,41.85338552
Bernie Sanders,46.09762874
Bernie Sanders,31.28823095
Bernie Sanders,-156.8996502
Bernie Sanders,-0.344191366
Bernie Sanders,-21.45299935
Bernie Sanders,-38.71344351
Bernie Sanders,-17.10030428
Bernie Sanders,-47.09648823
Bernie Sanders,-40.89340323
Bernie Sanders,35.93110569
Bernie Sanders,-11.53614779
Bernie Sanders,-97.64950236
Bernie Sanders,-50.39605643
Bernie Sanders,-2.779240871
Bernie Sanders,-21.09685412
Bernie Sanders,-11.88825081
Bernie Sanders,7.260511328
Bernie Sanders,-0.691564125
Bernie Sanders,31.62089692
Bernie Sanders,16.1516715
Bernie Sanders,75.94304654
Bernie Sanders,25.60796819
Bernie Sanders,75.94304654
Bernie Sanders,21.90787636
Bernie Sanders,-21.80923059
Bernie Sanders,12.74442549
Bernie Sanders,9.664685166
Bernie Sanders,3.813015145
Bernie Sanders,-25.73766475
Bernie Sanders,49.01946453
Bernie Sanders,13.08586393
Bernie Sanders,6.916492749
Bernie Sanders,70.65651304
Bernie Sanders,-34.00701133
Bernie Sanders,34.60775222
Bernie Sanders,-47.09648823
Bernie Sanders,-19.67373526
Bernie Sanders,-6.620810336
Bernie Sanders,60.25373524
Bernie Sanders,70.96888191
Bernie Sanders,-5.22177278
Bernie Sanders,-9.074780863
Bernie Sanders,-6.970935244
Bernie Sanders,-5.22177278
Bernie Sanders,-5.22177278
Bernie Sanders,-5.22177278
Bernie Sanders,-21.09685412
Bernie Sanders,13.08586393
Bernie Sanders,-14.71118126
Bernie Sanders,-57.02692853
Bernie Sanders,-37.62522674
Bernie Sanders,28.28684086
Bernie Sanders,-5.22177278
Bernie Sanders,-5.22177278
Bernie Sanders,-58.50620842
Bernie Sanders,39.88525523
Bernie Sanders,-40.89340323
Bernie Sanders,22.24501457
Bernie Sanders,36.92179319
Bernie Sanders,46.09754273
Bernie Sanders,-16.12612967
Bernie Sanders,23.92846948
Bernie Sanders,-0.344191366
Bernie Sanders,-5.22177278
Bernie Sanders,-17.89816937
Bernie Sanders,-2.779240871
Bernie Sanders,-5.22177278
Bernie Sanders,-18.25293853
Bernie Sanders,-0.691564125
Bernie Sanders,-99.75412202
Bernie Sanders,-53.3379313
Bernie Sanders,23.92846948
Bernie Sanders,-15.06474635
Bernie Sanders,34.27654834
Bernie Sanders,-5.22177278
Bernie Sanders,-2.43092206
Bernie Sanders,-0.691564125
Bernie Sanders,-16.12612967
Bernie Sanders,-5.22177278
Bernie Sanders,65.95094092
Bernie Sanders,-58.50620842
Bernie Sanders,-2.43092206
Bernie Sanders,-29.14430872
Bernie Sanders,31.62089692
Bernie Sanders,80.25936165
Bernie Sanders,-6.620810336
Bernie Sanders,-2.779240871
Bernie Sanders,49.01946453
Bernie Sanders,-131.6940969
Bernie Sanders,-16.12612967
Bernie Sanders,16.1516715
Bernie Sanders,-199.5995802
Bernie Sanders,-70.41251942
Bernie Sanders,10.00749968
Bernie Sanders,-5.22177278
Bernie Sanders,-95.73899518
Bernie Sanders,34.27654834
Bernie Sanders,5.538698341
Bernie Sanders,-29.32388642
Bernie Sanders,70.65651304
Bernie Sanders,-5.22177278
Bernie Sanders,-8.723795908
Bernie Sanders,-16.12612967
Bernie Sanders,77.17970733
Bernie Sanders,80.25936165
Bernie Sanders,105.7340234
Bernie Sanders,55.46422258
Bernie Sanders,34.27654834
Bernie Sanders,-11.18404477
Bernie Sanders,7.260597333
Bernie Sanders,-2.082775258
Bernie Sanders,-16.12612967
Bernie Sanders,-18.25293853
Bernie Sanders,13.08586393
Bernie Sanders,-9.777266801
Bernie Sanders,-14.71118126
Bernie Sanders,0.697152872
Bernie Sanders,96.29174548
Bernie Sanders,-19.31836407
Bernie Sanders,19.54317866
Bernie Sanders,42.83530055
Bernie Sanders,20.89534368
Bernie Sanders,35.93110569
Bernie Sanders,25.27237806
Bernie Sanders,35.93101969
Bernie Sanders,28.28684086
Bernie Sanders,-23.9498862
Bernie Sanders,71.90487046
Bernie Sanders,-5.22177278
Bernie Sanders,-16.12612967
Bernie Sanders,37.25170701
Bernie Sanders,60.57169441
Bernie Sanders,-43.80767062
Bernie Sanders,67.52379386
Bernie Sanders,-5.22177278
Bernie Sanders,22.24501457
Bernie Sanders,0.697152872
Bernie Sanders,-5.22177278
Bernie Sanders,22.24501457
Bernie Sanders,-0.691564125
Bernie Sanders,31.28823095
Bernie Sanders,-16.12612967
Bernie Sanders,-12.59314487
Bernie Sanders,-37.62522674
Bernie Sanders,-17.10030428
Bernie Sanders,-27.88778086
Bernie Sanders,-2.43092206
Bernie Sanders,19.20475038
Bernie Sanders,-22.16563384
Bernie Sanders,22.24501457
Bernie Sanders,0.697152872
Bernie Sanders,88.18537769
Bernie Sanders,24.93670193
Bernie Sanders,-54.07464709
Bernie Sanders,28.28684086
Bernie Sanders,-22.87895636
Bernie Sanders,-33.64587783
Bernie Sanders,-43.80767062
Bernie Sanders,-11.88825081
Bernie Sanders,66.26588993
Bernie Sanders,71.59310362
Bernie Sanders,-50.39605643
Bernie Sanders,19.54317866
Bernie Sanders,-37.62522674
Bernie Sanders,0.697152872
Bernie Sanders,0.697238877
Bernie Sanders,-16.12612967
Bernie Sanders,10.00749968
Bernie Sanders,22.24501457
Bernie Sanders,105.7340234
Bernie Sanders,63.74191162
Bernie Sanders,-162.0594128
Bernie Sanders,35.93101969
Bernie Sanders,112.4092739
Bernie Sanders,81.79265245
Bernie Sanders,-15.06466035
Bernie Sanders,0.697152872
Bernie Sanders,70.65659905
Bernie Sanders,-37.26280316
Bernie Sanders,89.16780875
Bernie Sanders,58.10310309
Bernie Sanders,13.08586393
Bernie Sanders,74.39332885
Bernie Sanders,0.350210136
Bernie Sanders,31.28823095
Bernie Sanders,1.390694327
Bernie Sanders,0.697152872
Bernie Sanders,63.10917545
Bernie Sanders,0.697152872
Bernie Sanders,63.10917545
Bernie Sanders,54.5017446
Bernie Sanders,-24.66458479
Bernie Sanders,0.697238877
Bernie Sanders,6.916492749
Bernie Sanders,43.48910786
Bernie Sanders,-9.777266801
Bernie Sanders,14.79064799
Bernie Sanders,63.10917545
Bernie Sanders,-2.431008065
Bernie Sanders,77.17970733
Bernie Sanders,77.17970733
Bernie Sanders,3.813015145
Bernie Sanders,-5.22177278
Bernie Sanders,67.52379386
Bernie Sanders,-24.66458479
Bernie Sanders,122.9517233
Bernie Sanders,-77.1651741
Bernie Sanders,13.08586393
Bernie Sanders,-5.571295656
Bernie Sanders,39.88516923
Bernie Sanders,-2.779240871
Bernie Sanders,34.27654834
Bernie Sanders,34.27654834
Bernie Sanders,34.27654834
Bernie Sanders,37.91101862
Bernie Sanders,19.54317866
Bernie Sanders,63.10917545
Bernie Sanders,-17.89816937
Bernie Sanders,-51.86596181
Bernie Sanders,-27.88769486
Bernie Sanders,-151.7527882
Bernie Sanders,-11.88825081
Bernie Sanders,85.45498824
Bernie Sanders,19.20475038
Bernie Sanders,-25.73766475
Bernie Sanders,54.5017446
Bernie Sanders,57.38453429
Bernie Sanders,19.20475038
Bernie Sanders,34.27654834
Bernie Sanders,-48.19511157
Bernie Sanders,43.48910786
Bernie Sanders,0.697152872
Bernie Sanders,36.92179319
Bernie Sanders,-44.17250232
Bernie Sanders,105.7340234
Bernie Sanders,-80.55599322
Bernie Sanders,-29.32388642
Bernie Sanders,57.38453429
Bernie Sanders,34.60775222
Bernie Sanders,77.17970733
Bernie Sanders,-4.523243056
Bernie Sanders,93.30420214
Bernie Sanders,19.20475038
Bernie Sanders,-27.52905549
Bernie Sanders,28.28684086
Bernie Sanders,-2.43092206
Bernie Sanders,-15.06474635
Bernie Sanders,-39.07638311
Bernie Sanders,3.813015145
Bernie Sanders,-50.39605643
Bernie Sanders,-55.54979876
Bernie Sanders,-23.50352209
Bernie Sanders,21.23299792
Bernie Sanders,31.62089692
Bernie Sanders,77.17970733
Bernie Sanders,-40.5297756
Bernie Sanders,-6.970935244
Bernie Sanders,86.06295507
Bernie Sanders,7.260511328
Bernie Sanders,77.17970733
Bernie Sanders,6.916492749
Bernie Sanders,6.916492749
Bernie Sanders,46.4228983
Bernie Sanders,22.58198077
Bernie Sanders,54.5017446
Bernie Sanders,25.60796819
Bernie Sanders,-17.89816937
Bernie Sanders,22.24501457
Donald Trump,61.28647901
Donald Trump,10.00749968
Donald Trump,-63.69942688
Donald Trump,-34.00692533
Donald Trump,-63.69942688
Donald Trump,0.350210136
Donald Trump,-5.22177278
Donald Trump,-27.08088529
Donald Trump,-14.71118126
Donald Trump,-84.33460729
Donald Trump,10.00749968
Donald Trump,60.25373524
Donald Trump,-63.69942688
Donald Trump,-63.69942688
Donald Trump,-26.09570208
Donald Trump,13.08594993
Donald Trump,-76.78898978
Donald Trump,-15.06474635
Donald Trump,-16.12612967
Donald Trump,35.93101969
Donald Trump,-5.571295656
Donald Trump,46.09762874
Donald Trump,0.697152872
Donald Trump,5.883318953
Donald Trump,-1.299960982
Donald Trump,-64.81550915
Donald Trump,54.5017446
Donald Trump,-70.41251942
Donald Trump,-30.40247067
Donald Trump,68.77894564
Donald Trump,25.27237806
Donald Trump,239.7438806
Donald Trump,-15.06466035
Donald Trump,66.26588993
Donald Trump,-24.66458479
Donald Trump,-150.5668702
Donald Trump,15.81169514
Donald Trump,137.9022547
Donald Trump,-15.06474635
Donald Trump,-0.344105361
Donald Trump,-114.9624954
Donald Trump,-47.462524
Donald Trump,-63.69942688
Donald Trump,61.20709673
Donald Trump,-21.45291335
Donald Trump,-12.94576392
Donald Trump,65.95094092
Donald Trump,-85.47047063
Donald Trump,63.10917545
Donald Trump,-50.39597042
Donald Trump,-19.31836407
Donald Trump,-63.69942688
Donald Trump,-137.1783551
Donald Trump,-21.45291335
Donald Trump,-82.44379517
Donald Trump,5.883404957
Donald Trump,-27.88769486
Donald Trump,-5.920990542
Donald Trump,-21.80923059
Donald Trump,-70.78663963
Donald Trump,-78.67094342
Donald Trump,-2.431008065
Donald Trump,63.10917545
Donald Trump,77.488464
Donald Trump,-66.21213858
Donald Trump,-97.64950236
Donald Trump,-53.70620319
Donald Trump,65.95094092
Donald Trump,-82.44379517
Donald Trump,25.27237806
Donald Trump,-59.98746641
Donald Trump,-40.89340323
Donald Trump,-34.72945035
Donald Trump,-27.17050213
Donald Trump,-29.32397243
Donald Trump,-152.4448676
Donald Trump,-97.64950236
Donald Trump,-98.03187901
Donald Trump,22.24501457
Donald Trump,12.74451149
Donald Trump,-26.09570208
Donald Trump,34.27654834
Donald Trump,-0.69165013
Donald Trump,77.79704867
Donald Trump,46.09762874
Donald Trump,18.86615009
Donald Trump,-57.02692853
Donald Trump,49.42428839
Donald Trump,-80.55590722
Donald Trump,43.48910786
Donald Trump,34.60775222
Donald Trump,-6.620810336
Donald Trump,100.1493118
Donald Trump,-2.779240871
Donald Trump,74.70363361
Donald Trump,-80.55590722
Donald Trump,-1.299960982
Donald Trump,-0.865379512
Donald Trump,-125.4480096
Donald Trump,41.52579383
Donald Trump,-85.84932109
Donald Trump,-27.88769486
Donald Trump,25.27237806
Donald Trump,-2.431008065
Donald Trump,35.60050384
Donald Trump,-63.69942688
Donald Trump,-21.45291335
Donald Trump,-8.372896958
Donald Trump,-31.12224354
Donald Trump,-2.779240871
Donald Trump,-67.42394402
Donald Trump,-97.64950236
Donald Trump,-60.72874045
Donald Trump,-63.69942688
Donald Trump,99.26174388
Donald Trump,-179.2104591
Donald Trump,-41.9852322
Donald Trump,-43.07826523
Donald Trump,-2.431008065
Donald Trump,-111.8693383
Donald Trump,-117.5772086
Donald Trump,-63.69942688
Donald Trump,12.74442549
Donald Trump,-17.89816937
Donald Trump,77.79704867
Donald Trump,-17.89816937
Donald Trump,-5.22177278
Donald Trump,22.24501457
Donald Trump,-87.36584099
Donald Trump,-29.32388642
Donald Trump,-88.88416699
Donald Trump,-94.21258475
Donald Trump,6.916492749
Donald Trump,-94.21258475
Donald Trump,-103.6849643
Donald Trump,-38.7133575
Donald Trump,-43.07826523
Donald Trump,-9.074780863
Donald Trump,-77.54144442
Donald Trump,57.38453429
Donald Trump,26.94869459
Donald Trump,-59.6168724
Donald Trump,-80.17869085
Donald Trump,5.193819716
Donald Trump,-63.69942688
Donald Trump,65.95094092
Donald Trump,-104.9336657
Donald Trump,-97.64950236
Donald Trump,-104.549397
Donald Trump,-62.21309461
Donald Trump,-80.55590722
Donald Trump,-80.9332956
Donald Trump,-63.69942688
Donald Trump,11.71925012
Donald Trump,-1.299960982
Donald Trump,-5.22177278
Donald Trump,-73.78390149
Donald Trump,-21.80923059
Donald Trump,-63.69942688
Donald Trump,-5.22177278
Donald Trump,11.71925012
Donald Trump,-30.7623141
Donald Trump,23.92846948
Donald Trump,-117.5772086
Donald Trump,22.24501457
Donald Trump,-5.920990542
Donald Trump,65.95094092
Donald Trump,60.88948157
Donald Trump,-11.88825081
Donald Trump,-82.06597677
Donald Trump,-117.5772086
Donald Trump,51.60536618
Donald Trump,54.5017446
Donald Trump,28.6209689
Donald Trump,-143.4668427
Donald Trump,-21.45299935
Donald Trump,-0.344191366
Donald Trump,-11.88825081
Donald Trump,-15.06474635
Donald Trump,74.39332885
Donald Trump,-63.69942688
Donald Trump,27.95254081
Donald Trump,-77.54135842
Donald Trump,54.82279994
Donald Trump,-80.55590722
Donald Trump,-25.73766475
Donald Trump,4.503718447
Donald Trump,13.08594993
Donald Trump,36.92179319
Donald Trump,-63.69942688
Donald Trump,40.5419867
Donald Trump,23.7603304
Donald Trump,-63.69942688
Donald Trump,16.1516715
Donald Trump,-18.25302454
Donald Trump,-17.89808337
Donald Trump,-82.06597677
Donald Trump,-60.35806043
Donald Trump,-61.84181256
Donald Trump,46.09762874
Donald Trump,-21.80923059
Donald Trump,-30.40247067
Donald Trump,24.26474765
Donald Trump,239.7438806
Donald Trump,20.55760344
Donald Trump,10.00749968
Donald Trump,-2.43092206
Donald Trump,25.27237806
Donald Trump,-2.43092206
Donald Trump,20.55760344
Donald Trump,-54.07464709
Donald Trump,-19.67373526
Donald Trump,-2.779240871
Donald Trump,-111.8693383
Donald Trump,15.81169514
Donald Trump,34.27654834
Donald Trump,-27.52896949
Donald Trump,-154.1266884
Donald Trump,23.00305951
Donald Trump,-37.26280316
Donald Trump,-17.89816937
Donald Trump,22.24501457
Donald Trump,239.1507926
Donald Trump,10.00749968
Donald Trump,0.697152872
Donald Trump,5.883404957
Donald Trump,-73.78390149
Donald Trump,0.697152872
Donald Trump,13.08586393
Donald Trump,-128.4703848
Donald Trump,-39.07646911
Donald Trump,71.90487046
Donald Trump,-15.06466035
Donald Trump,-50.39605643
Donald Trump,15.81169514
Donald Trump,-34.00692533
Donald Trump,61.20709673
Donald Trump,-27.88769486
Donald Trump,-266.7073704
Donald Trump,10.00749968
Donald Trump,206.5017954
Donald Trump,93.60375631
Donald Trump,-40.89340323
Donald Trump,-15.06474635
Donald Trump,10.00749968
Donald Trump,-1.299960982
Donald Trump,-15.06466035
Donald Trump,-47.73722284
Donald Trump,-63.69942688
Donald Trump,117.2832431
Donald Trump,-44.17250232
Donald Trump,-15.41839745
Donald Trump,-59.98738041
Donald Trump,-67.05094188
Donald Trump,117.2832431
Donald Trump,80.25936165
Donald Trump,6.916492749
Donald Trump,-365.8314216
Donald Trump,-63.69942688
Donald Trump,-104.549311
Donald Trump,-47.462524
Donald Trump,-31.12224354
Donald Trump,-34.36814484
Donald Trump,-34.36814484
Donald Trump,65.95094092
Donald Trump,-34.36814484
Donald Trump,284.1254595
Donald Trump,0.697152872
Donald Trump,-132.4764812
Donald Trump,-63.69942688
Donald Trump,-15.06474635
Donald Trump,222.1629832
Donald Trump,-17.89816937
Donald Trump,65.95094092
Donald Trump,-120.3906785
Donald Trump,-57.02692853
Donald Trump,23.7603304
Donald Trump,11.37720965
Donald Trump,-44.17250232
Donald Trump,27.61806874
Donald Trump,-64.07131096
Donald Trump,15.81169514
Donald Trump,-136.3937348
Donald Trump,-104.549311
Donald Trump,93.60375631
Donald Trump,112.1209863
Donald Trump,-108.012116
Donald Trump,-267.1151184
Donald Trump,-80.9332956
Donald Trump,129.9376225
Donald Trump,-63.69942688
Donald Trump,-104.549311
Donald Trump,5.538698341
Donald Trump,48.69548503
Donald Trump,61.20709673
Donald Trump,-32.56350938
Donald Trump,-40.89340323
Donald Trump,-44.17250232
Donald Trump,-51.86587581
Donald Trump,-30.40247067
Donald Trump,-63.69942688
Donald Trump,-65.56013737
Donald Trump,37.25170701
Donald Trump,-47.462524
Donald Trump,-15.06474635
Donald Trump,-37.26280316
Donald Trump,-79.04772977
Donald Trump,-27.17041612
Donald Trump,-21.09685412
Donald Trump,-147.4080916
Donald Trump,-27.52905549
Donald Trump,-94.59401535
Donald Trump,5.883404957
Donald Trump,-34.00692533
Donald Trump,-6.620724331
Donald Trump,-70.41251942
Donald Trump,37.91101862
Donald Trump,-71.90968828
Donald Trump,51.9278836
Donald Trump,-55.18075283
Donald Trump,-101.0951064
Donald Trump,54.82271394
Donald Trump,-2.43092206
Donald Trump,-111.8693383
Donald Trump,-50.76329626
Donald Trump,-58.50620842
Donald Trump,0.697152872
Donald Trump,-63.69942688
Donald Trump,15.81169514
Donald Trump,-30.7623141
Donald Trump,-63.69942688
Donald Trump,-95.73899518
Donald Trump,-17.89808337
Donald Trump,-63.69942688
Donald Trump,-2.43092206
Donald Trump,-147.4080916
Donald Trump,-43.80767062
Donald Trump,-80.17869085
Donald Trump,15.81169514
Donald Trump,-3.825143355
Donald Trump,-114.9624954
Donald Trump,-15.06474635
Donald Trump,222.1629832
Donald Trump,75.94304654
Donald Trump,222.1629832
Donald Trump,222.1629832
Donald Trump,-104.549311
Donald Trump,-94.59410135
Donald Trump,-347.6877527
Donald Trump,-5.22177278
Donald Trump,-27.52896949
Donald Trump,-1.299960982
Donald Trump,-65.18773726
Donald Trump,75.94304654
Donald Trump,50.31374843
Donald Trump,27.95254081
Donald Trump,-18.25293853
Donald Trump,-62.95600273
Donald Trump,-63.69942688
Donald Trump,-94.21258475
Donald Trump,16.1516715
Donald Trump,-21.45291335
Donald Trump,27.95254081
Donald Trump,-51.86587581
Donald Trump,-34.36814484
Donald Trump,-14.71118126
Donald Trump,47.72251449
Donald Trump,-15.06474635
Donald Trump,43.48910786
Donald Trump,25.27237806
Donald Trump,-63.69942688
Donald Trump,-21.45291335
Donald Trump,15.81169514
Donald Trump,-30.40247067
Donald Trump,-63.69942688
Donald Trump,109.5184858
Donald Trump,-29.32388642
Donald Trump,51.60536618
Donald Trump,-106.4720308
Donald Trump,13.08594993
Donald Trump,-3.825143355
Donald Trump,-77.1650881
Donald Trump,-80.9332956
Donald Trump,-0.691564125
Donald Trump,-161.2647299
Donald Trump,-64.07131096
Donald Trump,42.50822489
Donald Trump,-41.9852322
Donald Trump,22.24501457
Donald Trump,-80.93320959
Donald Trump,-82.44379517
Donald Trump,-63.69942688
Donald Trump,-4.174064199
Donald Trump,-9.074780863
Donald Trump,20.89542968
Donald Trump,5.538698341
Donald Trump,-1.647763765
Donald Trump,-63.69942688
Donald Trump,28.28684086
Donald Trump,-1.039108895
Donald Trump,107.1930922
Donald Trump,51.9278836
Donald Trump,-111.8693383
Donald Trump,46.09762874
Donald Trump,31.28823095
Donald Trump,-36.17622048
Donald Trump,57.38462029
Donald Trump,-63.69942688
Donald Trump,-26.09570208
Donald Trump,51.60536618
Donald Trump,0.697152872
Donald Trump,-66.21213858
Donald Trump,-40.89340323
Donald Trump,17.84940318
Donald Trump,-63.69942688
Donald Trump,-39.71195743
Donald Trump,-63.3276288
Donald Trump,99.26174388
Donald Trump,-223.9694263
Donald Trump,-162.0593268
Donald Trump,-3.825143355
Donald Trump,-6.970935244
Donald Trump,-32.56350938
Donald Trump,-30.7623141
Donald Trump,-2.43092206
Donald Trump,65.95094092
Donald Trump,-162.0593268
Donald Trump,-41.9852322
Donald Trump,-39.07638311
Donald Trump,-94.21267075
Donald Trump,20.89534368
Donald Trump,-63.69942688
Donald Trump,-15.06466035
Donald Trump,-40.89340323
Donald Trump,-73.78390149
Donald Trump,99.26174388
Donald Trump,117.2832431
Donald Trump,-73.7839875
Donald Trump,-122.3338674
Donald Trump,-162.0593268
Donald Trump,-74.15913976
Donald Trump,40.21370697
Donald Trump,-31.12224354
Donald Trump,15.81169514
Donald Trump,-8.723795908
Donald Trump,-170.0210348
Donald Trump,74.39332885
Donald Trump,-117.5772086
Donald Trump,-134.8257841
Donald Trump,-67.42403003
Donald Trump,30.95539298
Donald Trump,44.79465837
Donald Trump,32.9500987
Donald Trump,-27.88769486
Donald Trump,-27.08088529
Donald Trump,-63.69942688
Donald Trump,24.26474765
Donald Trump,16.1517575
Donald Trump,-111.4831775
Donald Trump,15.81169514
Donald Trump,65.95094092
Donald Trump,13.08594993
Donald Trump,11.71925012
Donald Trump,-15.06474635
Donald Trump,-108.3973308
Donald Trump,54.82279994
Donald Trump,-63.69942688
Donald Trump,222.1629832
Donald Trump,-104.9336657
Donald Trump,72.21655129
Donald Trump,-63.69942688
Donald Trump,-104.9336657
Donald Trump,-57.02692853
Donald Trump,-104.9336657
Donald Trump,-134.0422818
Donald Trump,-104.9336657
Donald Trump,-125.8376107
Donald Trump,31.28823095
Donald Trump,-104.9336657
Donald Trump,60.25373524
Donald Trump,-108.3973308
Donald Trump,15.81169514
Donald Trump,-104.9336657
Donald Trump,-104.9336657
Donald Trump,-31.12224354
Donald Trump,-104.9336657
Donald Trump,-104.9336657
Donald Trump,-118.8377786
Donald Trump,-104.9336657
Donald Trump,-104.9336657
Donald Trump,-15.06474635
Donald Trump,-104.9336657
Donald Trump,-104.9336657
Donald Trump,-63.69942688
Donald Trump,-104.9336657
Donald Trump,-2.779326876
Donald Trump,-104.9336657
Donald Trump,-104.9336657
Donald Trump,-6.970935244
Donald Trump,-118.8377786
Donald Trump,-43.80767062
Donald Trump,-64.07131096
Donald Trump,-143.0731995
Donald Trump,-143.0731995
Donald Trump,-143.0731995
Donald Trump,-143.0731995
Donald Trump,-143.0731995
Donald Trump,-143.0731995
Donald Trump,-104.9336657
Donald Trump,-104.9336657
Donald Trump,65.95094092
Donald Trump,-104.9336657
Donald Trump,-104.9336657
Donald Trump,22.24501457
Donald Trump,-5.920990542
Donald Trump,-80.17869085
Donald Trump,-27.88778086
Donald Trump,21.90787636
Donald Trump,-116.8988899
Donald Trump,229.8751057
Donald Trump,-162.0593268
Donald Trump,21.90787636
Donald Trump,-162.0593268
Donald Trump,-162.0593268
Donald Trump,11.71925012
Donald Trump,21.90787636
Donald Trump,-162.0593268
Donald Trump,-60.35806043
Donald Trump,-162.0593268
Donald Trump,-21.45299935
Donald Trump,34.60775222
Donald Trump,-21.45299935
Donald Trump,-21.45299935
Donald Trump,-162.0593268
Donald Trump,27.95254081
Donald Trump,-34.36814484
Donald Trump,-21.45299935
Donald Trump,-78.67094342
Donald Trump,-47.462524
Donald Trump,-94.21258475
Donald Trump,45.77210116
Donald Trump,-28.51578678
Donald Trump,27.95254081
Donald Trump,10.00749968
Donald Trump,11.71925012
Donald Trump,-67.05094188
Donald Trump,13.08586393
Donald Trump,-30.7623141
Donald Trump,52.250143
Donald Trump,-34.36814484
Donald Trump,22.24501457
Donald Trump,22.24501457
Donald Trump,-114.9624954
Donald Trump,-21.45299935
Donald Trump,-94.59401535
Donald Trump,-122.3338674
Donald Trump,-2.431008065
Donald Trump,-154.1266884
Donald Trump,27.95254081
Donald Trump,-61.84181256
Donald Trump,-104.9336657
Donald Trump,15.81169514
Donald Trump,-162.0593268
Donald Trump,-143.0731135
Donald Trump,-162.0593268
Donald Trump,10.00749968
Donald Trump,-162.0593268
Donald Trump,12.40290104
Donald Trump,-95.26184141
Donald Trump,-11.88825081
Donald Trump,-87.36584099
Donald Trump,-162.0593268
Donald Trump,15.81169514
Donald Trump,-162.0593268
Donald Trump,21.90787636
Donald Trump,-162.0593268
Donald Trump,16.49156185
Donald Trump,-30.40247067
Donald Trump,22.24501457
Donald Trump,-3.825143355
Donald Trump,-75.28545659
Donald Trump,-18.25293853
Donald Trump,-70.03848522
Donald Trump,-27.88769486
Donald Trump,21.90787636
Donald Trump,65.95094092
Donald Trump,-74.15913976
Donald Trump,-35.81431294
Donald Trump,-48.56166336
Donald Trump,-3.825143355
Donald Trump,-34.36814484
Donald Trump,0.697152872
Donald Trump,-11.88825081
Donald Trump,-162.0593268
Donald Trump,-73.78390149
Donald Trump,-162.0593268
Donald Trump,21.90787636
Donald Trump,57.38453429
Donald Trump,-63.69942688
Donald Trump,-23.9498862
Donald Trump,-11.88825081
Donald Trump,27.95254081
Donald Trump,-162.0593268
Donald Trump,-65.37393731
Donald Trump,18.86615009
Donald Trump,-81.31076998
Donald Trump,-104.549311
Donald Trump,-3.825143355
Donald Trump,-2.779240871
Donald Trump,9.664685166
Donald Trump,-34.36814484
Donald Trump,-30.7623141
Donald Trump,-365.8314216
Donald Trump,27.95254081
Donald Trump,-80.55590722
Donald Trump,-1.734714461
Donald Trump,-80.55590722
Donald Trump,64.6896828
Donald Trump,-89.2640495
Donald Trump,-80.55590722
Donald Trump,-34.36814484
Donald Trump,66.58058092
Donald Trump,-80.55590722
Donald Trump,20.89542968
Donald Trump,-26.09570208
Donald Trump,-62.21309461
Donald Trump,51.60536618
Donald Trump,25.27237806
Donald Trump,-40.89331723
Donald Trump,-87.36584099
Donald Trump,-111.0971026
Donald Trump,-4.086855489
Donald Trump,57.38453429
Donald Trump,-60.72874045
Donald Trump,-50.39597042
Donald Trump,22.58206677
Donald Trump,-16.48021079
Donald Trump,3.81310115
Donald Trump,-0.691564125
Donald Trump,-150.1717648
Donald Trump,-80.55590722
Donald Trump,-80.55590722
Donald Trump,-30.7623141
Donald Trump,-12.85752315
Donald Trump,63.10917545
Donald Trump,-2.082775258
Donald Trump,50.31374843
Donald Trump,40.21370697
Donald Trump,-67.42394402
Donald Trump,64.6896828
Donald Trump,-80.55590722
Donald Trump,-145.0423618
Donald Trump,-28.96464502
Donald Trump,-35.81431294
Donald Trump,-84.33460729
Donald Trump,-162.0593268
Donald Trump,-365.8314216
Donald Trump,42.83530055
Donald Trump,19.20475038
Donald Trump,25.60796819
Donald Trump,-118.4498117
Donald Trump,18.86615009
Donald Trump,69.09226057
Donald Trump,-50.39597042
Donald Trump,-162.0593268
Donald Trump,35.60050384
Donald Trump,-80.55590722
Donald Trump,68.77894564
Donald Trump,-2.43092206
Donald Trump,-80.55590722
Donald Trump,64.6896828
Donald Trump,-2.43092206
Donald Trump,-14.2694614
Donald Trump,90.90157638
Donald Trump,-2.43092206
Donald Trump,-50.0289026
Donald Trump,-94.21267075
Donald Trump,-12.24061183
Donald Trump,-94.59401535
Donald Trump,-34.36814484
Donald Trump,6.916492749
Donald Trump,-83.57793842
Donald Trump,-132.0852461
Donald Trump,47.72251449
Donald Trump,-27.88769486
Donald Trump,43.48910786
Donald Trump,54.82279994
Donald Trump,41.52579383
Donald Trump,-2.43092206
Donald Trump,-116.8988899
Donald Trump,-75.28554259
Donald Trump,-24.66458479
Donald Trump,-80.55590722
Donald Trump,-4.086855489
Donald Trump,-63.3276288
Donald Trump,54.82271394
Donald Trump,-19.67382127
Donald Trump,14.1944638
Donald Trump,-101.0951064
Donald Trump,64.6896828
Donald Trump,22.58206677
Donald Trump,-60.72874045
Donald Trump,-84.99701506
Donald Trump,64.6896828
Donald Trump,-78.57676833
Donald Trump,-52.23371767
Donald Trump,-17.89816937
Donald Trump,64.6896828
Donald Trump,17.51020086
Donald Trump,25.60796819
Donald Trump,-162.0593268
Donald Trump,-80.55590722
Donald Trump,-63.69942688
Donald Trump,-5.22177278
Donald Trump,3.813015145
Donald Trump,-37.62522674
Donald Trump,180.6250619
Hillary Clinton,79.64477246
Hillary Clinton,82.40474751
Hillary Clinton,-47.09648823
Hillary Clinton,100.4448238
Hillary Clinton,25.27237806
Hillary Clinton,22.24501457
Hillary Clinton,-68.91724267
Hillary Clinton,6.916492749
Hillary Clinton,34.27654834
Hillary Clinton,88.79016236
Hillary Clinton,22.24501457
Hillary Clinton,35.60050384
Hillary Clinton,43.16229021
Hillary Clinton,106.9016225
Hillary Clinton,65.32061288
Hillary Clinton,32.9500127
Hillary Clinton,-3.825143355
Hillary Clinton,25.27237806
Hillary Clinton,48.69548503
Hillary Clinton,10.00749968
Hillary Clinton,43.48910786
Hillary Clinton,80.25936165
Hillary Clinton,46.09754273
Hillary Clinton,65.32061288
Hillary Clinton,-13.29855497
Hillary Clinton,-50.39605643
Hillary Clinton,-3.825143355
Hillary Clinton,25.27237806
Hillary Clinton,57.70404154
Hillary Clinton,43.16229021
Hillary Clinton,34.27654834
Hillary Clinton,82.71058003
Hillary Clinton,-27.52905549
Hillary Clinton,46.4228983
Hillary Clinton,82.71058003
Hillary Clinton,106.9016225
Hillary Clinton,11.71925012
Hillary Clinton,82.71058003
Hillary Clinton,-16.4802968
Hillary Clinton,93.60367031
Hillary Clinton,-39.07638311
Hillary Clinton,63.74182561
Hillary Clinton,97.1845597
Hillary Clinton,49.01946453
Hillary Clinton,52.250143
Hillary Clinton,119.133203
Hillary Clinton,82.71058003
Hillary Clinton,56.74508975
Hillary Clinton,82.71058003
Hillary Clinton,-2.43092206
Hillary Clinton,60.25373524
Hillary Clinton,-2.43092206
Hillary Clinton,82.71058003
Hillary Clinton,82.71058003
Hillary Clinton,-17.89816937
Hillary Clinton,-5.22177278
Hillary Clinton,27.28342467
Hillary Clinton,82.71058003
Hillary Clinton,35.60050384
Hillary Clinton,-37.26280316
Hillary Clinton,45.77210116
Hillary Clinton,49.01946453
Hillary Clinton,71.59310362
Hillary Clinton,82.71058003
Hillary Clinton,29.955933
Hillary Clinton,-33.64587783
Hillary Clinton,40.21362097
Hillary Clinton,-35.4525774
Hillary Clinton,51.9278836
Hillary Clinton,34.27654834
Hillary Clinton,120.9757665
Hillary Clinton,100.4448238
Hillary Clinton,63.10917545
Hillary Clinton,106.9016225
Hillary Clinton,-2.43092206
Hillary Clinton,79.64477246
Hillary Clinton,19.20475038
Hillary Clinton,19.20475038
Hillary Clinton,-5.571295656
Hillary Clinton,49.01946453
Hillary Clinton,34.60775222
Hillary Clinton,-27.88769486
Hillary Clinton,0.697152872
Hillary Clinton,56.74508975
Hillary Clinton,90.90157638
Hillary Clinton,43.48910786
Hillary Clinton,34.27654834
Hillary Clinton,-18.25293853
Hillary Clinton,-21.45299935
Hillary Clinton,31.62089692
Hillary Clinton,96.58949356
Hillary Clinton,20.89534368
Hillary Clinton,82.71058003
Hillary Clinton,25.27237806
Hillary Clinton,65.32061288
Hillary Clinton,59.29882567
Hillary Clinton,-13.29855497
Hillary Clinton,24.26466164
Hillary Clinton,37.25170701
Hillary Clinton,34.27654834
Hillary Clinton,0.697152872
Hillary Clinton,41.85347153
Hillary Clinton,90.90157638
Hillary Clinton,25.27237806
Hillary Clinton,46.4228983
Hillary Clinton,127.7142305
Hillary Clinton,-40.89340323
Hillary Clinton,16.1516715
Hillary Clinton,106.9016225
Hillary Clinton,25.27237806
Hillary Clinton,97.1845597
Hillary Clinton,24.26466164
Hillary Clinton,27.95254081
Hillary Clinton,46.09754273
Hillary Clinton,35.93110569
Hillary Clinton,52.250143
Hillary Clinton,-39.07638311
Hillary Clinton,-2.43092206
Hillary Clinton,-3.825143355
Hillary Clinton,35.60050384
Hillary Clinton,-27.88769486
Hillary Clinton,79.95215306
Hillary Clinton,60.57169441
Hillary Clinton,-43.80767062
Hillary Clinton,19.54317866
Hillary Clinton,-31.12224354
Hillary Clinton,112.4092739
Hillary Clinton,91.20250663
Hillary Clinton,-16.4802968
Hillary Clinton,35.60050384
Hillary Clinton,19.54317866
Hillary Clinton,-38.71344351
Hillary Clinton,1.390694327
Hillary Clinton,-28.33629509
Hillary Clinton,24.26466164
Hillary Clinton,93.60375631
Hillary Clinton,34.60775222
Hillary Clinton,22.24501457
Hillary Clinton,34.27654834
Hillary Clinton,-57.85876545
Hillary Clinton,11.71925012
Hillary Clinton,-37.26280316
Hillary Clinton,46.4228983
Hillary Clinton,37.58144882
Hillary Clinton,1.044009605
Hillary Clinton,24.26466164
Hillary Clinton,106.9016225
Hillary Clinton,-78.67102942
Hillary Clinton,25.27237806
Hillary Clinton,-55.18083883
Hillary Clinton,-16.4802968
Hillary Clinton,19.54317866
Hillary Clinton,-35.45266341
Hillary Clinton,-18.25293853
Hillary Clinton,-18.25293853
Hillary Clinton,22.58198077
Hillary Clinton,-57.85876545
Hillary Clinton,102.2141973
Hillary Clinton,0.697152872
Hillary Clinton,119.8428274
Hillary Clinton,24.26466164
Hillary Clinton,10.35014218
Hillary Clinton,-44.17250232
Hillary Clinton,106.9016225
Hillary Clinton,-40.89340323
Hillary Clinton,-50.39605643
Hillary Clinton,1.044009605
Hillary Clinton,85.45498824
Hillary Clinton,-21.45299935
Hillary Clinton,-17.10030428
Hillary Clinton,54.82271394
Hillary Clinton,-2.43092206
Hillary Clinton,-32.56350938
Hillary Clinton,25.27237806
Hillary Clinton,88.79016236
Hillary Clinton,3.813015145
Hillary Clinton,85.75901466
Hillary Clinton,-0.344191366
Hillary Clinton,70.65651304
Hillary Clinton,35.60050384
Hillary Clinton,52.5723164
Hillary Clinton,-77.54144442
Hillary Clinton,18.86615009
Hillary Clinton,22.24501457
Hillary Clinton,13.42713036
Hillary Clinton,34.27654834
Hillary Clinton,-3.825143355
Hillary Clinton,106.9016225
Hillary Clinton,1.044009605
Hillary Clinton,29.95584699
Hillary Clinton,-0.691564125
Hillary Clinton,132.7009518
Hillary Clinton,82.71058003
Hillary Clinton,-2.43092206
Hillary Clinton,-37.26280316
Hillary Clinton,-55.18083883
Hillary Clinton,3.813015145
Hillary Clinton,13.08586393
Hillary Clinton,-2.43092206
Hillary Clinton,74.39332885
Hillary Clinton,34.27654834
Hillary Clinton,81.79265245
Hillary Clinton,-18.25293853
Hillary Clinton,-8.723795908
Hillary Clinton,70.65651304
Hillary Clinton,42.83530055
Hillary Clinton,-35.81431294
Hillary Clinton,105.7340234
Hillary Clinton,19.20475038
Hillary Clinton,44.79465837
Hillary Clinton,0.697152872
Hillary Clinton,25.27237806
Hillary Clinton,25.27237806
Hillary Clinton,42.83530055
Hillary Clinton,46.4228983
Hillary Clinton,25.60796819
Hillary Clinton,64.6896828
Hillary Clinton,63.10917545
Hillary Clinton,-8.372896958
Hillary Clinton,-5.920990542
Hillary Clinton,19.20475038
Hillary Clinton,-0.691564125
Hillary Clinton,61.28647901
Hillary Clinton,48.69548503
Hillary Clinton,25.60796819
Hillary Clinton,42.83530055
Hillary Clinton,-34.00701133
Hillary Clinton,105.7340234
Hillary Clinton,70.34405817
Hillary Clinton,-0.691564125
Hillary Clinton,106.9016225
Hillary Clinton,-24.66458479
Hillary Clinton,-16.4802968
Hillary Clinton,74.39332885
Hillary Clinton,22.24501457
Hillary Clinton,74.39332885
Hillary Clinton,93.90305248
Hillary Clinton,14.79064799
Hillary Clinton,3.467448483
Hillary Clinton,46.4228983
Hillary Clinton,-54.07464709
Hillary Clinton,56.74508975
Hillary Clinton,59.29882567
Hillary Clinton,-8.723795908
Hillary Clinton,-2.43092206
Hillary Clinton,51.60536618
Hillary Clinton,10.00749968
Hillary Clinton,-20.74088089
Hillary Clinton,-3.825143355
Hillary Clinton,42.83530055
Hillary Clinton,-24.66458479
Hillary Clinton,50.63686788
Hillary Clinton,22.24501457
Hillary Clinton,70.65651304
Hillary Clinton,43.48910786
Hillary Clinton,-63.69942688
Hillary Clinton,60.57169441
Hillary Clinton,-5.571295656
Hillary Clinton,19.20475038
Hillary Clinton,-2.43092206
Hillary Clinton,-6.620810336
Hillary Clinton,25.27237806
Hillary Clinton,46.09762874
Hillary Clinton,76.56176396
Hillary Clinton,25.27237806
Hillary Clinton,34.27654834
Hillary Clinton,106.9016225
Hillary Clinton,-21.45299935
Hillary Clinton,-17.10030428
Hillary Clinton,-37.26280316
Hillary Clinton,79.95215306
Hillary Clinton,-9.777266801
Hillary Clinton,-38.7133575
Hillary Clinton,82.71058003
Hillary Clinton,-57.02692853
Hillary Clinton,-11.88833681
Hillary Clinton,1.044009605
Hillary Clinton,21.90779036
Hillary Clinton,49.01946453
Hillary Clinton,-19.31836407
Hillary Clinton,29.95584699
Hillary Clinton,23.92846948
Hillary Clinton,19.20475038
Hillary Clinton,31.28823095
Hillary Clinton,-8.723795908
Hillary Clinton,46.4228983
Hillary Clinton,-2.779240871
Hillary Clinton,94.20226264
Hillary Clinton,-11.18404477
Hillary Clinton,-37.26280316
Hillary Clinton,-132.0851601
Hillary Clinton,-28.33629509
Hillary Clinton,13.08586393
Hillary Clinton,19.20475038
Hillary Clinton,59.29882567
Hillary Clinton,-34.36814484
Hillary Clinton,-40.89340323
Hillary Clinton,31.62089692
Hillary Clinton,79.95215306
Hillary Clinton,37.25170701
Hillary Clinton,13.42713036
Hillary Clinton,22.24501457
Hillary Clinton,52.250143
Hillary Clinton,-39.07638311
Hillary Clinton,-47.09648823
Hillary Clinton,-114.9624954
Hillary Clinton,75.94304654
Hillary Clinton,-74.44063296
Hillary Clinton,10.00749968
Hillary Clinton,75.94304654
Hillary Clinton,106.9016225
Hillary Clinton,13.08586393
Hillary Clinton,-2.43092206
Hillary Clinton,-13.29855497
Hillary Clinton,-18.25293853
Hillary Clinton,25.27237806
Hillary Clinton,24.26466164
Hillary Clinton,93.60375631
Hillary Clinton,34.27654834
Hillary Clinton,49.01946453
Hillary Clinton,102.949623
Hillary Clinton,0.697152872
Hillary Clinton,-50.39605643
Hillary Clinton,43.16229021
Hillary Clinton,34.60775222
Hillary Clinton,-9.777266801
Hillary Clinton,-8.723795908
Hillary Clinton,-6.620810336
Hillary Clinton,96.29174548
Hillary Clinton,27.95254081
Hillary Clinton,50.31374843
Hillary Clinton,22.24501457
Hillary Clinton,-5.22177278
Hillary Clinton,18.86615009
Hillary Clinton,-22.52220909
Hillary Clinton,13.08586393
Hillary Clinton,97.1845597
Hillary Clinton,-37.26280316
Hillary Clinton,-40.89340323
Hillary Clinton,43.8157535
Hillary Clinton,42.83530055
Hillary Clinton,69.09226057
Hillary Clinton,-84.33460729
Hillary Clinton,77.17970733
Hillary Clinton,37.25170701
Hillary Clinton,80.25936165
Hillary Clinton,-6.620810336
Hillary Clinton,77.17970733
Hillary Clinton,52.5723164
Hillary Clinton,20.89534368
Hillary Clinton,-199.5995802
Hillary Clinton,23.92846948
Hillary Clinton,122.3880488
Hillary Clinton,24.93661593
Hillary Clinton,24.26466164
Hillary Clinton,10.00749968
Hillary Clinton,19.54317866
Hillary Clinton,-50.0289026
Hillary Clinton,-40.89340323
Hillary Clinton,34.27654834
Hillary Clinton,-49.93713564
Hillary Clinton,-0.691564125
Hillary Clinton,100.4448238
Hillary Clinton,10.00749968
Hillary Clinton,-11.53606178
Hillary Clinton,70.65651304
Hillary Clinton,-19.31836407
Hillary Clinton,18.86615009
Hillary Clinton,75.94304654
Hillary Clinton,88.18529169
Hillary Clinton,60.57169441
Hillary Clinton,-8.723795908
Hillary Clinton,54.5017446
Hillary Clinton,80.25936165
Hillary Clinton,28.6209689
Hillary Clinton,27.28342467
Hillary Clinton,10.00749968
Hillary Clinton,4.158495803
Hillary Clinton,-19.31836407
Hillary Clinton,-38.71344351
Hillary Clinton,13.08586393
Hillary Clinton,-0.691564125
Hillary Clinton,69.40548948
Hillary Clinton,-0.691564125
Hillary Clinton,37.58153482
Hillary Clinton,1.390694327
Hillary Clinton,-15.68372178
Hillary Clinton,29.95584699
Hillary Clinton,42.83530055
Hillary Clinton,23.92846948
Hillary Clinton,105.7340234
Hillary Clinton,34.27654834
Hillary Clinton,47.72251449
Hillary Clinton,-2.082775258
Hillary Clinton,-13.29855497
Hillary Clinton,59.29882567
Hillary Clinton,6.916492749
Hillary Clinton,13.08586393
Hillary Clinton,96.29174548
Hillary Clinton,71.59310362
Hillary Clinton,-32.56350938
Hillary Clinton,106.9016225
Hillary Clinton,65.95094092
Hillary Clinton,-22.52220909
Hillary Clinton,20.89534368
Hillary Clinton,25.27237806
Hillary Clinton,-31.12232955
Hillary Clinton,69.40548948
Hillary Clinton,29.95584699
Hillary Clinton,25.27237806
Hillary Clinton,-8.723795908
Hillary Clinton,82.09882899
Hillary Clinton,67.20953289
Hillary Clinton,90.60047412
Hillary Clinton,51.60536618
Hillary Clinton,27.95254081
Hillary Clinton,51.60536618
Hillary Clinton,78.41361597
Hillary Clinton,57.06494103
Hillary Clinton,28.28684086
Hillary Clinton,28.28684086
Hillary Clinton,88.79016236
Hillary Clinton,37.25170701
Hillary Clinton,-28.33629509
Hillary Clinton,-0.691564125
Hillary Clinton,67.52379386
Hillary Clinton,94.20226264
Hillary Clinton,43.8157535
Hillary Clinton,25.60796819
Hillary Clinton,47.72251449
Hillary Clinton,32.9500987
Hillary Clinton,-57.85876545
Hillary Clinton,90.60047412
Hillary Clinton,22.24501457
Hillary Clinton,68.77894564
Hillary Clinton,10.00749968
Hillary Clinton,-13.29855497
Hillary Clinton,35.93101969
Hillary Clinton,-9.777266801
Hillary Clinton,102.949623
Hillary Clinton,-34.36814484
Hillary Clinton,-6.970935244
Hillary Clinton,22.24501457
Hillary Clinton,106.9016225
Hillary Clinton,102.949623
Hillary Clinton,34.27654834
Hillary Clinton,-6.970935244
Hillary Clinton,77.488464
Hillary Clinton,0.697238877
Hillary Clinton,-40.52968959
Hillary Clinton,0.697152872
Hillary Clinton,0.697152872
Hillary Clinton,40.21362097
Hillary Clinton,-102.6292573
Hillary Clinton,49.01946453
Hillary Clinton,-40.16614796
Hillary Clinton,-30.7623141
Hillary Clinton,106.9016225
Hillary Clinton,46.09754273
Hillary Clinton,23.92846948
Hillary Clinton,-37.26280316
Hillary Clinton,-24.66458479
Hillary Clinton,13.08586393
Hillary Clinton,-4.872421914
Hillary Clinton,52.250143
Hillary Clinton,-24.66458479
Hillary Clinton,-1.299874977
Hillary Clinton,-40.89340323
Hillary Clinton,11.12057179
Hillary Clinton,101.9197174
Hillary Clinton,43.16229021
Hillary Clinton,13.08586393
Hillary Clinton,51.9278836
Hillary Clinton,-14.71118126
Hillary Clinton,-60.35806043
Hillary Clinton,23.92846948
Hillary Clinton,77.17970733
Hillary Clinton,-84.33460729
Hillary Clinton,0.697152872
Hillary Clinton,13.08586393
Hillary Clinton,-52.87772045
Hillary Clinton,-63.69942688
Hillary Clinton,104.2704824
Hillary Clinton,38.73434108
Hillary Clinton,13.08586393
Hillary Clinton,32.61803477
Hillary Clinton,13.08586393
Hillary Clinton,7.260511328
Hillary Clinton,-68.17037833
Hillary Clinton,22.24501457
Hillary Clinton,-60.72882645
Hillary Clinton,37.25170701
Hillary Clinton,105.7340234
Hillary Clinton,22.24501457
Hillary Clinton,63.10917545
Hillary Clinton,13.08586393
Hillary Clinton,-143.4668427
Hillary Clinton,88.18537769
Hillary Clinton,25.27237806
Hillary Clinton,37.25170701
Hillary Clinton,-50.76329626
Hillary Clinton,22.24501457
Hillary Clinton,34.27654834
Hillary Clinton,34.27654834
Hillary Clinton,-2.43092206
Hillary Clinton,25.27237806
Hillary Clinton,-5.571295656
Hillary Clinton,31.28823095
Hillary Clinton,43.48910786
Hillary Clinton,74.70363361
Hillary Clinton,-13.29855497
Hillary Clinton,40.21362097
Hillary Clinton,-70.41251942
Hillary Clinton,-57.85876545
Hillary Clinton,3.813015145
Hillary Clinton,-5.22177278
Hillary Clinton,88.18529169
Hillary Clinton,-168.0280492
Hillary Clinton,67.52379386
Hillary Clinton,-47.09648823
Hillary Clinton,-37.62522674
Hillary Clinton,7.260511328
Hillary Clinton,-9.777266801
Hillary Clinton,39.88516923
Hillary Clinton,-40.89340323
Hillary Clinton,-77.1651741
Hillary Clinton,68.46537271
Hillary Clinton,39.88516923
Hillary Clinton,34.27654834
Hillary Clinton,34.27654834
Hillary Clinton,34.27654834
Hillary Clinton,73.15047573
Hillary Clinton,43.16229021
Hillary Clinton,12.40290104
Hillary Clinton,31.28823095
Hillary Clinton,63.10917545
Hillary Clinton,-77.54144442
Hillary Clinton,134.3503488
Hillary Clinton,-21.09685412
Hillary Clinton,34.27654834
Hillary Clinton,27.95254081
Hillary Clinton,-10.12876778
Hillary Clinton,-13.29855497
Hillary Clinton,-0.691564125
Hillary Clinton,-13.29855497
Hillary Clinton,23.92846948
Hillary Clinton,3.813015145
Hillary Clinton,10.00749968
Hillary Clinton,22.24501457
Hillary Clinton,19.20475038
Hillary Clinton,-22.52220909
Hillary Clinton,106.9016225
Hillary Clinton,106.9016225
Hillary Clinton,57.38453429
Hillary Clinton,19.20475038
Hillary Clinton,5.538698341
Hillary Clinton,34.27654834
Hillary Clinton,181.8365233
Hillary Clinton,-48.19511157
Hillary Clinton,181.8365233
Hillary Clinton,-130.5211656
Hillary Clinton,25.27237806
Hillary Clinton,-5.22177278
Hillary Clinton,34.27654834
Hillary Clinton,6.916492749
Hillary Clinton,105.7340234
Hillary Clinton,-14.71118126
Hillary Clinton,25.60796819
Hillary Clinton,57.38453429
Hillary Clinton,29.95584699
Hillary Clinton,20.89534368
Hillary Clinton,-19.31836407
Hillary Clinton,93.30420214
Hillary Clinton,19.20475038
Hillary Clinton,-22.52220909
Hillary Clinton,28.28684086
Hillary Clinton,25.27237806
Hillary Clinton,-2.43092206
Hillary Clinton,-2.43092206
Hillary Clinton,10.00749968
Hillary Clinton,106.9016225
Hillary Clinton,88.79016236
Hillary Clinton,74.70363361
Hillary Clinton,-24.66458479
Hillary Clinton,10.00749968
Hillary Clinton,-2.43092206
Hillary Clinton,13.08586393
Hillary Clinton,-40.89340323
Hillary Clinton,31.62089692
Hillary Clinton,26.69747503
Hillary Clinton,10.00749968
Hillary Clinton,-6.970935244
Hillary Clinton,23.92846948
Hillary Clinton,10.35014218
Hillary Clinton,-24.66458479
Hillary Clinton,40.5419007
Hillary Clinton,24.93661593
Hillary Clinton,51.28267675
Hillary Clinton,6.916492749
Hillary Clinton,6.916492749
Hillary Clinton,51.60536618
Hillary Clinton,-157.692699
Hillary Clinton,30.95539298
Hillary Clinton,25.27237806
Hillary Clinton,22.24501457
Hillary Clinton,43.8157535
Hillary Clinton,13.08586393
Hillary Clinton,46.4228983
Hillary Clinton,-57.85876545
Hillary Clinton,43.16229021
Hillary Clinton,106.9016225
Hillary Clinton,-19.31836407
Hillary Clinton,-8.372982962
Hillary Clinton,6.572302161
Hillary Clinton,98.96554388
Hillary Clinton,13.76831078
Hillary Clinton,105.7340234
Hillary Clinton,-47.09648823
Hillary Clinton,31.62089692
Hillary Clinton,-2.082775258
Hillary Clinton,1.390694327
Hillary Clinton,3.813015145
Hillary Clinton,-31.12232955
Hillary Clinton,-8.723795908
Hillary Clinton,-31.12232955
Hillary Clinton,16.49156185
Hillary Clinton,-31.12232955
Hillary Clinton,31.28823095
Hillary Clinton,0.697152872
Hillary Clinton,57.38453429
Hillary Clinton,61.841811
Hillary Clinton,13.08586393
Hillary Clinton,57.70404154
Hillary Clinton,-44.17258833
Hillary Clinton,-24.66458479
Hillary Clinton,-74.15913976
Hillary Clinton,-63.69942688
Hillary Clinton,13.76831078
Hillary Clinton,70.65659905
Hillary Clinton,37.25170701
Hillary Clinton,-2.43092206
Hillary Clinton,5.538698341
Hillary Clinton,54.82271394
Hillary Clinton,-12.94576392
Hillary Clinton,80.56639823
Hillary Clinton,-25.0221061
Hillary Clinton,31.28823095
Hillary Clinton,114.9959496
Hillary Clinton,-9.777266801
Hillary Clinton,98.96554388
Hillary Clinton,57.70404154
Hillary Clinton,-58.8762864
Hillary Clinton,-11.88825081
Hillary Clinton,25.27237806
Hillary Clinton,98.96554388
Hillary Clinton,-50.39605643
Hillary Clinton,74.70363361
Hillary Clinton,58.34245402
Hillary Clinton,-29.32388642
Hillary Clinton,16.49156185
Hillary Clinton,98.96554388
Hillary Clinton,28.28684086
Hillary Clinton,37.25170701
Hillary Clinton,49.01946453
Hillary Clinton,23.92846948
Hillary Clinton,25.27237806
Hillary Clinton,86.44257957
Hillary Clinton,98.96554388
Hillary Clinton,-5.22177278
Hillary Clinton,66.58058092
Hillary Clinton,10.00749968
Hillary Clinton,25.27237806
Hillary Clinton,-5.571295656
Hillary Clinton,-2.43092206
Hillary Clinton,74.39332885
Hillary Clinton,10.00749968
Hillary Clinton,-8.372982962
Hillary Clinton,-24.30714949
Hillary Clinton,3.813015145
Hillary Clinton,-30.76240011
Hillary Clinton,-99.179783
Hillary Clinton,66.58058092
Hillary Clinton,25.27237806
Hillary Clinton,-26.36429459
Hillary Clinton,-2.431008065
Hillary Clinton,46.09754273
Hillary Clinton,65.00523384
Hillary Clinton,3.813015145
Hillary Clinton,28.28684086
Hillary Clinton,22.24501457
Hillary Clinton,-16.48021079
Hillary Clinton,0.697152872
Hillary Clinton,48.69548503
Hillary Clinton,1.390694327
Hillary Clinton,-2.43092206
Hillary Clinton,75.01376636
Hillary Clinton,37.25170701
Hillary Clinton,68.77894564
Hillary Clinton,25.60796819
Hillary Clinton,-96.12094181
Hillary Clinton,47.39784695
Hillary Clinton,63.10917545
Hillary Clinton,19.20475038
Hillary Clinton,66.26580392
Hillary Clinton,98.96554388
Hillary Clinton,22.58198077
Hillary Clinton,64.6896828
Hillary Clinton,11.71925012
Hillary Clinton,14.79064799
Hillary Clinton,-15.06474635
Hillary Clinton,-0.691564125
Hillary Clinton,25.60796819
Hillary Clinton,45.77210116
John Kasich,-15.06474635
John Kasich,-15.06474635
John Kasich,-15.06474635
John Kasich,43.89737191
John Kasich,-15.06474635
John Kasich,-15.06474635
John Kasich,-15.06474635
John Kasich,-15.06474635
John Kasich,-15.06474635
John Kasich,-11.53606178
John Kasich,-15.06474635
John Kasich,-15.06474635
John Kasich,-15.06474635
John Kasich,58.02329078
John Kasich,-15.06474635
John Kasich,-15.06474635
John Kasich,-15.06474635
John Kasich,-15.06474635
John Kasich,-15.06474635
John Kasich,-15.06474635
John Kasich,-15.06474635
John Kasich,-15.06474635
John Kasich,-15.06474635
John Kasich,-11.88833681
John Kasich,37.25170701
John Kasich,-35.81431294
John Kasich,-15.06474635
John Kasich,-15.06474635
John Kasich,-15.06474635
John Kasich,-15.06474635
John Kasich,-15.06474635
John Kasich,-15.06474635
John Kasich,-15.06474635
John Kasich,37.25170701
John Kasich,-15.06474635
John Kasich,-15.06474635
John Kasich,-15.06474635
John Kasich,-94.59410135
John Kasich,-23.86061338
John Kasich,-15.06474635
John Kasich,-15.06474635
John Kasich,61.841811
John Kasich,-15.06474635
John Kasich,-0.691564125
John Kasich,-15.06474635
John Kasich,-53.70620319
John Kasich,-15.06474635
John Kasich,-15.06474635
John Kasich,-15.06474635
John Kasich,13.08586393
John Kasich,-15.06474635
John Kasich,56.74508975
John Kasich,0.697152872
John Kasich,-15.06474635
John Kasich,-60.35806043
John Kasich,-40.89340323
John Kasich,-53.7062892
John Kasich,-15.06474635
John Kasich,-15.06474635
John Kasich,-15.06474635
John Kasich,56.74508975
John Kasich,-15.06474635
John Kasich,-15.06474635
John Kasich,-19.67373526
John Kasich,25.27237806
John Kasich,22.58198077
John Kasich,35.60050384
John Kasich,-15.06474635
John Kasich,30.95539298
John Kasich,0.697152872
John Kasich,16.1516715
John Kasich,65.95094092
John Kasich,-8.372896958
John Kasich,-32.20297791
John Kasich,-15.06474635
John Kasich,68.15162777
John Kasich,-24.66458479
John Kasich,56.74508975
John Kasich,-56.65745258
John Kasich,-15.06474635
John Kasich,54.82271394
John Kasich,-29.68329983
John Kasich,-75.66112487
John Kasich,54.82271394
John Kasich,-8.372896958
John Kasich,54.82271394
John Kasich,22.58198077
John Kasich,-48.56166336
John Kasich,-15.06474635
John Kasich,-48.92821516
John Kasich,54.82271394
John Kasich,54.82271394
John Kasich,54.82271394
John Kasich,54.82271394
John Kasich,-27.88778086
John Kasich,-15.06474635
John Kasich,-15.06474635
John Kasich,25.27237806
John Kasich,54.82271394
John Kasich,-17.89816937
John Kasich,60.57169441
John Kasich,56.74508975
John Kasich,37.58144882
John Kasich,-171.2177894
John Kasich,85.75901466
John Kasich,0.697152872
John Kasich,10.69261268
John Kasich,-15.06474635
John Kasich,16.1516715
John Kasich,-15.06474635
John Kasich,-34.00692533
John Kasich,41.85338552
John Kasich,-27.88769486
John Kasich,-47.46261001
John Kasich,54.82271394
John Kasich,-15.06474635
John Kasich,7.260511328
John Kasich,-15.06474635
John Kasich,-61.09967848
John Kasich,-47.82881778
John Kasich,-36.17630649
John Kasich,-74.53446403
John Kasich,25.27237806
John Kasich,68.77894564
John Kasich,-47.82881778
John Kasich,-77.91780075
John Kasich,-24.66458479
John Kasich,-74.53446403
John Kasich,-61.09967848
John Kasich,-47.82881778
John Kasich,-47.82881778
John Kasich,-3.127731691
John Kasich,-61.09967848
John Kasich,-51.1307081
John Kasich,-47.82881778
John Kasich,-18.25302454
John Kasich,-15.06474635
John Kasich,-77.91780075
John Kasich,-34.72953635
John Kasich,-47.82881778
John Kasich,-80.9332956
John Kasich,-47.82881778
John Kasich,30.62238299
John Kasich,-47.82881778
John Kasich,45.44648757
John Kasich,33.61362453
John Kasich,27.61806874
John Kasich,21.57048014
John Kasich,33.61362453
John Kasich,33.61362453
John Kasich,33.61362453
John Kasich,33.61362453
John Kasich,30.62238299
John Kasich,27.61806874
John Kasich,33.61362453
John Kasich,42.50822489
John Kasich,-47.82881778
John Kasich,-47.82881778
John Kasich,-2.431008065
John Kasich,56.74508975
John Kasich,-34.72953635
John Kasich,-54.443263
John Kasich,-59.6169584
John Kasich,0.350210136
John Kasich,4.158495803
John Kasich,39.88525523
John Kasich,-47.82881778
John Kasich,27.95254081
John Kasich,27.95254081
John Kasich,27.95254081
John Kasich,15.81169514
John Kasich,15.81169514
John Kasich,-11.53606178
John Kasich,27.95254081
John Kasich,15.81169514
John Kasich,27.95254081
John Kasich,3.467448483
John Kasich,15.81169514
John Kasich,15.81169514
John Kasich,-15.06474635
John Kasich,65.95094092
John Kasich,-85.84932109
John Kasich,-15.06474635
John Kasich,-32.20297791
John Kasich,-2.779326876
John Kasich,-11.88833681
John Kasich,-47.82881778
John Kasich,-61.09967848
John Kasich,-26.45382542
John Kasich,-68.17037833
John Kasich,-11.88833681
John Kasich,56.74508975
John Kasich,54.18060326
John Kasich,-8.372982962
John Kasich,-73.7839875
John Kasich,-15.06474635
John Kasich,13.76822478
John Kasich,-47.82881778
John Kasich,52.250143
John Kasich,-43.80767062
John Kasich,-47.09648823
John Kasich,22.58198077
John Kasich,-32.20297791
John Kasich,-47.82881778
John Kasich,-44.17258833
John Kasich,56.74508975
John Kasich,56.74508975
John Kasich,39.22783573
John Kasich,54.18060326
John Kasich,-24.3072355
John Kasich,-5.571295656
John Kasich,-10.12876778
John Kasich,-15.06474635
John Kasich,30.95539298
John Kasich,-123.5009505
John Kasich,34.9388701
John Kasich,-34.72953635
John Kasich,-11.18404477
John Kasich,34.9388701
John Kasich,-10.48035477
John Kasich,-41.62117454
John Kasich,33.61362453
John Kasich,69.40548948
John Kasich,39.55663149
John Kasich,9.321698643
John Kasich,-3.127731691
John Kasich,-6.270771432
John Kasich,-15.77222056
John Kasich,-3.127731691
John Kasich,-3.127731691
John Kasich,39.88525523
John Kasich,-67.05094188
John Kasich,39.88525523
John Kasich,16.1516715
John Kasich,-86.51258891
John Kasich,91.50326488
John Kasich,-37.62522674
John Kasich,56.74508975
John Kasich,65.95094092
John Kasich,-40.89340323
John Kasich,15.81169514
John Kasich,-11.88825081
John Kasich,-57.67385547
John Kasich,46.4228983
John Kasich,-90.40438509
John Kasich,77.488464
John Kasich,-15.06474635
John Kasich,-67.05094188
John Kasich,56.74508975
John Kasich,8.978540111
John Kasich,-51.1307081
John Kasich,36.92179319
John Kasich,-15.06474635
John Kasich,-161.4634006
John Kasich,56.74508975
John Kasich,52.250143
John Kasich,47.39784695
John Kasich,-67.05102788
John Kasich,-74.15913976
John Kasich,16.1516715
John Kasich,-75.28545659
John Kasich,3.467448483
John Kasich,-48.56157736
John Kasich,-51.86596181
John Kasich,86.06295507
John Kasich,-48.56157736
John Kasich,-47.09648823
John Kasich,56.74508975
John Kasich,-48.56157736
John Kasich,86.06295507
John Kasich,-8.372896958
John Kasich,-48.56157736
John Kasich,-24.66458479
John Kasich,-15.06474635
John Kasich,-48.56157736
John Kasich,86.06295507
John Kasich,-21.80923059
John Kasich,-34.00701133
John Kasich,-48.56157736
John Kasich,-48.56157736
John Kasich,16.1516715
John Kasich,0.00309539
John Kasich,2.77579913
John Kasich,16.1516715
John Kasich,-67.05094188
John Kasich,-47.462524
John Kasich,-48.56157736
John Kasich,13.08586393
John Kasich,-132.8678023
John Kasich,-113.0285949
John Kasich,-37.62522674
John Kasich,-64.44336706
John Kasich,-2.431008065
John Kasich,-11.53606178
John Kasich,56.74508975
John Kasich,-67.05094188
John Kasich,-47.09648823
John Kasich,6.572302161
John Kasich,16.1516715
John Kasich,22.24501457
John Kasich,-75.66121088
John Kasich,9.664685166
John Kasich,35.93101969
Mark Rubio,1.044009605
Mark Rubio,13.42713036
Mark Rubio,-40.16623396
Mark Rubio,-98.79706233
Mark Rubio,-14.71118126
Mark Rubio,31.28823095
Mark Rubio,1.044009605
Mark Rubio,31.28823095
Mark Rubio,-3.476394521
Mark Rubio,-72.94019593
Mark Rubio,27.95254081
Mark Rubio,8.034123107
Mark Rubio,-56.19577964
Mark Rubio,-56.19577964
Mark Rubio,16.49147585
Mark Rubio,40.5419007
Mark Rubio,-56.19577964
Mark Rubio,8.034123107
Mark Rubio,-56.19577964
Mark Rubio,-21.09685412
Mark Rubio,-50.39605643
Mark Rubio,-96.88500707
Mark Rubio,-56.19577964
Mark Rubio,-43.80767062
Mark Rubio,73.22822393
Mark Rubio,-37.26280316
Mark Rubio,-26.72250393
Mark Rubio,60.88939557
Mark Rubio,-56.19577964
Mark Rubio,-8.372982962
Mark Rubio,-56.19577964
Mark Rubio,181.3524892
Mark Rubio,-59.5243314
Mark Rubio,-56.19577964
Mark Rubio,-37.26280316
Mark Rubio,-27.88769486
Mark Rubio,49.01946453
Mark Rubio,66.58058092
Mark Rubio,-56.19577964
Mark Rubio,-8.723795908
Mark Rubio,-14.71126726
Mark Rubio,-2.082775258
Mark Rubio,10.35014218
Mark Rubio,4.158495803
Mark Rubio,7.260511328
Mark Rubio,-8.723795908
Mark Rubio,-29.14430872
Mark Rubio,-34.00701133
Mark Rubio,41.85338552
Mark Rubio,-17.89816937
Mark Rubio,-2.431008065
Mark Rubio,-14.71118126
Mark Rubio,34.9388701
Mark Rubio,74.39332885
Mark Rubio,-8.022170016
Mark Rubio,130.2147295
Mark Rubio,60.57169441
Mark Rubio,0.00309539
Mark Rubio,-38.71344351
Mark Rubio,-2.082775258
Mark Rubio,-53.3379313
Mark Rubio,7.604443902
Mark Rubio,-31.48243099
Mark Rubio,13.76822478
Mark Rubio,66.26580392
Mark Rubio,31.28823095
Mark Rubio,60.88939557
Mark Rubio,-22.52220909
Mark Rubio,-24.3072355
Mark Rubio,-53.3379313
Mark Rubio,-8.022170016
Mark Rubio,10.35014218
Mark Rubio,29.28870897
Mark Rubio,-56.19577964
Mark Rubio,-44.17258833
Mark Rubio,5.538698341
Mark Rubio,11.71925012
Mark Rubio,35.93101969
Mark Rubio,35.93101969
Mark Rubio,-4.872421914
Mark Rubio,63.42567254
Mark Rubio,-9.074780863
Mark Rubio,41.85338552
Mark Rubio,46.09754273
Mark Rubio,17.84940318
Mark Rubio,-70.41251942
Mark Rubio,37.25170701
Mark Rubio,2.77579913
Mark Rubio,-2.43092206
Mark Rubio,5.538698341
Mark Rubio,6.916492749
Mark Rubio,5.538698341
Mark Rubio,16.83119419
Mark Rubio,40.87009442
Mark Rubio,40.87009442
Mark Rubio,40.87009442
Mark Rubio,40.87009442
Mark Rubio,40.87009442
Mark Rubio,40.87009442
Mark Rubio,8.80687484
Mark Rubio,40.87009442
Mark Rubio,40.87009442
Mark Rubio,49.01946453
Mark Rubio,40.87009442
Mark Rubio,7.260511328
Mark Rubio,40.87009442
Mark Rubio,-37.26280316
Mark Rubio,58.42218033
Mark Rubio,40.87009442
Mark Rubio,11.71925012
Mark Rubio,40.87009442
Mark Rubio,31.62089692
Mark Rubio,40.87009442
Mark Rubio,40.87009442
Mark Rubio,31.62089692
Mark Rubio,40.87009442
Mark Rubio,15.13114038
Mark Rubio,40.87009442
Mark Rubio,31.62089692
Mark Rubio,40.87009442
Mark Rubio,40.87009442
Mark Rubio,40.87009442
Mark Rubio,40.87009442
Mark Rubio,40.87009442
Mark Rubio,10.00749968
Mark Rubio,40.95205685
Mark Rubio,40.87009442
Mark Rubio,40.87009442
Mark Rubio,40.87009442
Mark Rubio,40.87009442
Mark Rubio,40.87009442
Mark Rubio,40.87009442
Mark Rubio,40.87009442
Mark Rubio,40.87009442
Mark Rubio,40.87009442
Mark Rubio,40.87009442
Mark Rubio,15.13114038
Mark Rubio,40.87009442
Mark Rubio,23.92846948
Mark Rubio,40.87009442
Mark Rubio,-15.06474635
Mark Rubio,40.87009442
Mark Rubio,40.87009442
Mark Rubio,-5.221858785
Mark Rubio,19.54317866
Mark Rubio,40.87009442
Mark Rubio,-15.06474635
Mark Rubio,40.87009442
Mark Rubio,19.54317866
Mark Rubio,-23.50352209
Mark Rubio,-37.26280316
Mark Rubio,19.54317866
Mark Rubio,40.87009442
Mark Rubio,19.54317866
Mark Rubio,37.25170701
Mark Rubio,-15.06474635
Mark Rubio,-24.3072355
Mark Rubio,-11.88825081
Mark Rubio,37.25170701
Mark Rubio,-24.3072355
Mark Rubio,19.54317866
Mark Rubio,40.87009442
Mark Rubio,37.25170701
Mark Rubio,-36.80998871
Mark Rubio,-24.3072355
Mark Rubio,37.25170701
Mark Rubio,37.25170701
Mark Rubio,40.87009442
Mark Rubio,40.87009442
Mark Rubio,40.87009442
Mark Rubio,37.25170701
Mark Rubio,40.87009442
Mark Rubio,19.54317866
Mark Rubio,-10.12876778
Mark Rubio,37.25170701
Mark Rubio,-24.3072355
Mark Rubio,-24.3072355
Mark Rubio,37.25170701
Mark Rubio,40.87009442
Mark Rubio,37.25170701
Mark Rubio,-17.89816937
Mark Rubio,37.25170701
Mark Rubio,40.87000842
Mark Rubio,37.25170701
Mark Rubio,18.86615009
Mark Rubio,-14.35787418
Ted Cruz,-111.4832635
Ted Cruz,-15.06474635
Ted Cruz,64.6896828
Ted Cruz,-45.26802949
Ted Cruz,-36.9004656
Ted Cruz,64.6896828
Ted Cruz,-77.1651741
Ted Cruz,64.6896828
Ted Cruz,40.5419007
Ted Cruz,74.70363361
Ted Cruz,9.664685166
Ted Cruz,21.23299792
Ted Cruz,-70.41251942
Ted Cruz,64.6896828
Ted Cruz,84.54170492
Ted Cruz,-8.372896958
Ted Cruz,-77.1651741
Ted Cruz,-17.89816937
Ted Cruz,34.27654834
Ted Cruz,25.27237806
Ted Cruz,-37.62522674
Ted Cruz,-2.082775258
Ted Cruz,-82.25492897
Ted Cruz,22.24501457
Ted Cruz,16.1516715
Ted Cruz,-30.7623141
Ted Cruz,-13.29855497
Ted Cruz,-40.89340323
Ted Cruz,-70.41251942
Ted Cruz,21.23299792
Ted Cruz,28.28684086
Ted Cruz,-17.89816937
Ted Cruz,-111.4832635
Ted Cruz,-45.63346322
Ted Cruz,13.08586393
Ted Cruz,-104.549397
Ted Cruz,-60.72882645
Ted Cruz,0.697152872
Ted Cruz,-45.63346322
Ted Cruz,4.158495803
Ted Cruz,-111.4832635
Ted Cruz,-17.89816937
Ted Cruz,-34.00701133
Ted Cruz,28.6209689
Ted Cruz,60.57169441
Ted Cruz,-43.80767062
Ted Cruz,-53.70620319
Ted Cruz,51.60536618
Ted Cruz,-3.650725936
Ted Cruz,-93.06898099
Ted Cruz,-2.082775258
Ted Cruz,71.90487046
Ted Cruz,-43.80767062
Ted Cruz,10.00749968
Ted Cruz,-9.074780863
Ted Cruz,3.467448483
Ted Cruz,-11.18404477
Ted Cruz,-64.07131096
Ted Cruz,-77.1651741
Ted Cruz,-34.00701133
Ted Cruz,85.75901466
Ted Cruz,21.23299792
Ted Cruz,-15.41839745
Ted Cruz,-77.1651741
Ted Cruz,82.71058003
Ted Cruz,-70.41251942
Ted Cruz,-135.1196619
Ted Cruz,6.227853559
Ted Cruz,-94.59401535
Ted Cruz,51.60536618
Ted Cruz,51.60536618
Ted Cruz,-84.33460729
Ted Cruz,99.03959388
Ted Cruz,-17.89816937
Ted Cruz,-11.88833681
Ted Cruz,-72.65904675
Ted Cruz,-39.07638311
Ted Cruz,21.23299792
Ted Cruz,97.77885179
Ted Cruz,25.27237806
Ted Cruz,-11.53606178
Ted Cruz,31.28823095
Ted Cruz,14.79064799
Ted Cruz,37.25170701
Ted Cruz,-1.734800466
Ted Cruz,-5.571295656
Ted Cruz,71.90487046
Ted Cruz,-72.65904675
Ted Cruz,-36.9004656
Ted Cruz,35.93110569
Ted Cruz,-17.89816937
Ted Cruz,31.28823095
Ted Cruz,23.92846948
Ted Cruz,25.27237806
Ted Cruz,-80.9332956
Ted Cruz,-111.4832635
Ted Cruz,-45.26802949
Ted Cruz,-80.55590722
Ted Cruz,25.27237806
Ted Cruz,-77.1651741
Ted Cruz,-44.17250232
Ted Cruz,-17.89816937
Ted Cruz,33.94517244
Ted Cruz,-57.02692853
Ted Cruz,31.28823095
Ted Cruz,33.94517244
Ted Cruz,77.79704867
Ted Cruz,-155.3146706
Ted Cruz,47.72251449
Ted Cruz,-70.41251942
Ted Cruz,36.92179319
Ted Cruz,37.25170701
Ted Cruz,-121.9450404
Ted Cruz,47.72251449
Ted Cruz,-17.89816937
Ted Cruz,47.72251449
Ted Cruz,77.17970733
Ted Cruz,10.00749968
Ted Cruz,-17.89816937
Ted Cruz,-77.1651741
Ted Cruz,77.79704867
Ted Cruz,-50.76329626
Ted Cruz,29.62240699
Ted Cruz,-155.3146706
Ted Cruz,21.23299792
Ted Cruz,77.79704867
Ted Cruz,-80.9332956
Ted Cruz,63.10917545
Ted Cruz,-50.39605643
Ted Cruz,-70.78663963
Ted Cruz,13.08586393
Ted Cruz,-34.00701133
Ted Cruz,-86.22825755
Ted Cruz,63.74191162
Ted Cruz,13.08586393
Ted Cruz,-17.89816937
Ted Cruz,-18.25302454
Ted Cruz,14.79064799
Ted Cruz,11.71925012
Ted Cruz,-57.02692853
Ted Cruz,-31.12224354
Ted Cruz,-186.024091
Ted Cruz,-94.59410135
Ted Cruz,-111.4832635
Ted Cruz,21.23299792
Ted Cruz,-13.29855497
Ted Cruz,-30.76240011
Ted Cruz,60.57160841
Ted Cruz,-19.67373526
Ted Cruz,-77.54144442
Ted Cruz,-17.89816937
Ted Cruz,0.350210136
Ted Cruz,47.72251449
Ted Cruz,-84.33460729
Ted Cruz,-80.17869085
Ted Cruz,43.16229021
Ted Cruz,13.08586393
Ted Cruz,-60.72882645
Ted Cruz,-34.36814484
Ted Cruz,-27.52905549
Ted Cruz,-94.59410135
Ted Cruz,10.35014218
Ted Cruz,-153.730895
Ted Cruz,-17.89816937
Ted Cruz,-168.4265087
Ted Cruz,-17.89816937
Ted Cruz,47.72251449
Ted Cruz,-14.71118126
Ted Cruz,-31.12224354
Ted Cruz,-11.88833681
Ted Cruz,-90.78469763
Ted Cruz,-111.4832635
Ted Cruz,93.60375631
Ted Cruz,-40.89340323
Ted Cruz,-3.82522936
Ted Cruz,-70.41251942
Ted Cruz,36.92179319
Ted Cruz,-28.24659224
Ted Cruz,20.55751744
Ted Cruz,42.50822489
Ted Cruz,-60.72882645
Ted Cruz,-32.56350938
Ted Cruz,25.27237806
Ted Cruz,0.350210136
Ted Cruz,10.00749968
Ted Cruz,-60.72882645
Ted Cruz,-19.67373526
Ted Cruz,43.48910786
Ted Cruz,-27.88778086
Ted Cruz,47.72251449
Ted Cruz,-15.06474635
Ted Cruz,54.5017446
Ted Cruz,49.01946453
Ted Cruz,43.48910786
Ted Cruz,-83.95627285
Ted Cruz,27.95254081
Ted Cruz,-128.9585472
Ted Cruz,37.25170701
Ted Cruz,13.08586393
Ted Cruz,20.55751744
Ted Cruz,-17.89816937
Ted Cruz,13.08586393
Ted Cruz,-118.8378646
Ted Cruz,-13.29855497
Ted Cruz,54.82271394
Ted Cruz,-1.734714461
Ted Cruz,-111.4832635
Ted Cruz,-80.55599322
Ted Cruz,77.17970733
Ted Cruz,5.538698341
Ted Cruz,-104.549397
Ted Cruz,-111.4832635
Ted Cruz,-184.0182907
Ted Cruz,22.58198077
Ted Cruz,-15.06474635
Ted Cruz,-77.1651741
Ted Cruz,37.25170701
Ted Cruz,-35.4525774
Ted Cruz,-51.86596181
Ted Cruz,-77.54144442
Ted Cruz,36.59170737
Ted Cruz,53.53780454
Ted Cruz,14.79064799
Ted Cruz,-17.89816937
Ted Cruz,-2.082775258
Ted Cruz,-23.50352209
Ted Cruz,-83.95627285
Ted Cruz,19.20475038
Ted Cruz,-2.082775258
Ted Cruz,-45.63346322
Ted Cruz,-111.4832635
Ted Cruz,-57.02701453
Ted Cruz,5.538698341
Ted Cruz,-11.88833681
Ted Cruz,100.7401637
Ted Cruz,-77.1651741
Ted Cruz,-111.4832635
Ted Cruz,-21.45291335
Ted Cruz,-111.4832635
Ted Cruz,121.5412471
Ted Cruz,-94.59410135
Ted Cruz,115.2825171
Ted Cruz,60.57169441
Ted Cruz,-77.1651741
Ted Cruz,-94.59410135
Ted Cruz,-77.1651741
Ted Cruz,15.81169514
Ted Cruz,-77.1651741
Ted Cruz,-77.1651741
Ted Cruz,-43.80767062
Ted Cruz,-77.1651741
Ted Cruz,2.77579913
Ted Cruz,18.18843349
Ted Cruz,39.88525523
Ted Cruz,-77.1651741
Ted Cruz,18.18843349
Ted Cruz,7.260511328
Ted Cruz,-77.1651741
Ted Cruz,-94.59410135
Ted Cruz,-77.1651741
Ted Cruz,-80.55599322
Ted Cruz,-77.1651741
Ted Cruz,46.09762874
Ted Cruz,-40.89340323
Ted Cruz,-27.88769486
Ted Cruz,-77.1651741
Ted Cruz,25.27237806
Ted Cruz,-77.1651741
Ted Cruz,-77.1651741
Ted Cruz,-77.1651741
Ted Cruz,3.813015145
Ted Cruz,-90.78469763
Ted Cruz,-25.73775075
Ted Cruz,99.03959388
Ted Cruz,-111.4832635
Ted Cruz,-77.1651741
Ted Cruz,-77.1651741
Ted Cruz,37.91110462
Ted Cruz,-38.35058991
Ted Cruz,13.08594993
Ted Cruz,45.77210116
Ted Cruz,-77.1651741
Ted Cruz,-77.1651741
Ted Cruz,-93.06898099
Ted Cruz,-19.31836407
Ted Cruz,-24.3072355
Ted Cruz,25.27237806
Ted Cruz,-52.23371767
Ted Cruz,-77.1651741
Ted Cruz,-77.1651741
Ted Cruz,-36.9004656
Ted Cruz,-77.1651741
Ted Cruz,37.58144882
Ted Cruz,53.93961824
Ted Cruz,-77.1651741
Ted Cruz,-53.7062892
Ted Cruz,-77.1651741
Ted Cruz,21.90779036
Ted Cruz,18.5273778
Ted Cruz,-77.1651741
Ted Cruz,-40.89340323
Ted Cruz,0.697152872
Ted Cruz,-77.1651741
Ted Cruz,-6.970935244
Ted Cruz,-8.723795908
Ted Cruz,1.390608323
Ted Cruz,10.35014218
Ted Cruz,-77.1651741
Ted Cruz,52.97473213
Ted Cruz,11.71925012
Ted Cruz,-77.1651741
Ted Cruz,-31.12232955
Ted Cruz,-64.07131096
Ted Cruz,-111.4832635
Ted Cruz,-27.52905549
Ted Cruz,-107.6269872
Ted Cruz,-2.082775258
Ted Cruz,25.27237806
Ted Cruz,10.00741368
Ted Cruz,51.60536618
Ted Cruz,-11.88833681
Ted Cruz,34.27654834
Ted Cruz,23.92846948
Ted Cruz,37.25170701
Ted Cruz,28.6209689
Ted Cruz,84.54170492
Ted Cruz,-111.4832635
Ted Cruz,-77.1651741
Ted Cruz,-76.3189744
Ted Cruz,-42.34946187
Ted Cruz,-77.1651741
Ted Cruz,-47.09648823
Ted Cruz,4.158495803
Ted Cruz,84.54170492
Ted Cruz,84.54170492
Ted Cruz,-27.88778086
Ted Cruz,-62.21318061
Ted Cruz,-24.66458479
Ted Cruz,61.841811
Ted Cruz,7.260511328
Ted Cruz,13.08586393
Ted Cruz,1.044009605
Ted Cruz,-65.56013737
Ted Cruz,16.1516715
Ted Cruz,25.27237806
Ted Cruz,3.813015145
Ted Cruz,77.79704867
Ted Cruz,-57.02701453
Ted Cruz,57.70395554
Ted Cruz,-2.431008065
Ted Cruz,1.044009605
Ted Cruz,10.35014218
Ted Cruz,-36.9004656
Ted Cruz,4.59006711
Ted Cruz,-24.66458479
Ted Cruz,48.69548503
Ted Cruz,22.24501457
Ted Cruz,-2.431008065
Ted Cruz,11.71925012
Ted Cruz,-70.41251942
Ted Cruz,143.8448316
Ted Cruz,78.7216846
Ted Cruz,-31.75257158
Ted Cruz,103.1699669
Ted Cruz,-94.59410135
Ted Cruz,77.17970733
Ted Cruz,-2.082775258
Ted Cruz,-83.95627285
Ted Cruz,-36.9004656
Ted Cruz,40.21362097
Ted Cruz,19.54317866
Ted Cruz,21.23299792
Ted Cruz,4.59006711
Ted Cruz,11.71925012
Ted Cruz,-42.34946187
Ted Cruz,-77.1651741
Ted Cruz,0.350210136
Ted Cruz,-118.4498977
Ted Cruz,42.83530055
Ted Cruz,-2.431008065
Ted Cruz,24.93661593
Ted Cruz,-184.0182907
Ted Cruz,-43.80767062
Ted Cruz,46.4228983
Ted Cruz,-111.4832635
Ted Cruz,-42.34946187
Ted Cruz,-111.4832635
Ted Cruz,-21.45299935
Ted Cruz,66.58058092
Ted Cruz,-111.4832635
Ted Cruz,-83.199776
Ted Cruz,-47.46261001
Ted Cruz,-42.34946187
Ted Cruz,-34.36814484
Ted Cruz,1.044009605
Ted Cruz,4.59006711
Ted Cruz,31.28823095
Ted Cruz,4.59006711
Ted Cruz,-67.05102788
Ted Cruz,-65.56013737
Ted Cruz,25.27237806
Ted Cruz,1.044009605
Ted Cruz,-111.4832635
Ted Cruz,60.57169441
Ted Cruz,-125.4480096
Ted Cruz,-11.88833681
Ted Cruz,-77.1651741
Ted Cruz,-46.73053847
Ted Cruz,-18.25293853
Ted Cruz,1.044009605
Ted Cruz,-2.431008065
Ted Cruz,-24.66458479
Ted Cruz,-17.89816937
Ted Cruz,-111.4832635
Ted Cruz,66.26588993
Ted Cruz,-44.90276776
Ted Cruz,-43.80767062
Ted Cruz,-83.1052569
Ted Cruz,22.24501457
Ted Cruz,-12.94576392
Ted Cruz,-63.69942688
Ted Cruz,10.35014218
Ted Cruz,-34.00701133
Ted Cruz,25.27237806
Ted Cruz,22.24501457
Ted Cruz,-169.6224033
Ted Cruz,-73.03394099
Ted Cruz,-27.88769486
Ted Cruz,22.24501457
Ted Cruz,-87.36584099
Ted Cruz,28.28684086
Ted Cruz,6.916492749
Ted Cruz,13.08586393
Ted Cruz,19.20475038
Ted Cruz,10.00749968
Ted Cruz,-21.45299935
Ted Cruz,-86.60736603
Ted Cruz,-93.83132616
Ted Cruz,31.28823095
Ted Cruz,34.9388701
Ted Cruz,59.29882567
Ted Cruz,22.24501457
Ted Cruz,-111.4832635
Ted Cruz,-34.00701133
Ted Cruz,0.350210136
Ted Cruz,2.42971644
Ted Cruz,-153.730895
Ted Cruz,25.27237806
Ted Cruz,-33.82640158
Ted Cruz,-33.64587783
Ted Cruz,-80.55599322
Ted Cruz,8.635209569
Ted Cruz,22.24501457
Ted Cruz,22.24501457
Ted Cruz,2.42971644
Ted Cruz,22.24501457
Ted Cruz,26.02715482
Ted Cruz,-37.62531274
Ted Cruz,-21.09685412
Ted Cruz,6.916492749
Ted Cruz,39.88516923
Ted Cruz,-111.4832635
Ted Cruz,-24.66458479
Ted Cruz,-36.9004656
Ted Cruz,-80.55599322
Ted Cruz,3.813015145
Ted Cruz,-31.12232955
Ted Cruz,25.27237806
Ted Cruz,-8.723795908
Ted Cruz,19.20475038
Ted Cruz,-31.12232955
Ted Cruz,-31.12232955
Ted Cruz,0.697152872
Ted Cruz,-87.74529348
Ted Cruz,-19.67373526
Ted Cruz,-37.62522674
Ted Cruz,22.24501457
Ted Cruz,22.24501457
Ted Cruz,-66.21213858
Ted Cruz,0.350210136
Ted Cruz,-5.221858785
Ted Cruz,-36.9004656
Ted Cruz,-97.64950236
Ted Cruz,34.27654834
Ted Cruz,-64.07131096
Ted Cruz,-53.7062892
Ted Cruz,-31.12224354
Ted Cruz,25.27237806
Ted Cruz,22.24501457
Ted Cruz,-31.12224354
Ted Cruz,-21.09685412
Ted Cruz,3.813015145
Ted Cruz,18.61209237
Ted Cruz,6.916492749
Ted Cruz,-14.71118126
Ted Cruz,-129.251393
Ted Cruz,-33.82640158
Ted Cruz,3.813015145
Ted Cruz,-34.36814484
Ted Cruz,-18.25302454
Ted Cruz,-108.012116
Ted Cruz,25.60796819
Ted Cruz,25.27237806
Ted Cruz,28.28684086
Ted Cruz,-57.02701453
Ted Cruz,19.20475038
Ted Cruz,34.60775222
Ted Cruz,-94.59410135
Ted Cruz,0.350210136
Ted Cruz,14.79064799
Ted Cruz,-111.4832635
Ted Cruz,-59.98738041
Ted Cruz,-19.67373526
Ted Cruz,-24.66458479
Ted Cruz,-77.1651741
Ted Cruz,52.5723164
Ted Cruz,-18.25302454
Ted Cruz,22.24501457
Ted Cruz,6.916492749
,9.35456E-11
